smiles,position,pred_pKa,true_pKa,diff
C1CCCNCCC1,4,9.32,11.1,1.78
C1CCNC1,3,9.44,11.35,1.91
C1CCNCC1,3,9.28,11.12,1.84
C1CN(CCN1)c2ccccc2,5,9.19,8.6,0.59
Cc1sc(N)nn1,4,4.11,3.2,0.91
Cn1c(N)nc2cncnc12,3,3.98,4.62,0.64
Cc1cncc(C)c1,3,5.53,6.25,0.72
Cc1csc(N)n1,5,4.56,5.95,1.39
Cc1nccn1C=C,2,5.85,7.09,1.24
Cc1ccnc2c1ccc3c(C)ccnc23,4,5.35,5.95,0.6
Cc1ccncc1,4,5.26,6.08,0.82
[O-][N+](=O)c1cccc(S)c1,8,4.24,5.24,1.0
[O-][n+]1ccccc1S,1,5.15,4.43,0.72
[SeH]c1cccc2cccnc12,9,5.14,8.41,3.27
CC(=C\C(O)=O)/C(O)=O,4,3.86,4.82,0.96
[Cl-].NC12CC3CC(CC(C3)C1)C2.[H+],1,9.22,10.55,1.33
[O-][N+](=O)c1cc2cccnc2c3ncccc13,9,4.04,3.24,0.8
[O-][N+](=O)c1ccc(S)cc1,7,5.39,4.61,0.78
C=CCCCc1ccccn1,10,5.35,5.97,0.62
Brc1cc2cccnc2c3ncccc13,7,5.16,4.09,1.07
Brc1cccnc1,5,5.52,2.98,2.54
Brc1ccncc1,4,4.95,3.68,1.27
C1CN2CCC1CC2,2,9.86,11.15,1.29
C1CNC1,2,9.87,11.29,1.42
CC(C)(C(O)=O)[N+]([O-])=O,4,3.02,1.81,1.21
CC(C)(C)N,4,8.52,10.69,2.17
Oc1ccc(cc1)[S](O)(=O)=O,0,7.24,8.79,1.55
Oc1ccc(cc1Br)C2(O[S](=O)(=O)c3ccccc23)c4ccc(O)c(Br)c4,0,7.24,6.14,1.1
CC(=O)c1ccc(S)cc1,7,5.84,5.33,0.51
CC(=O)c1cccnc1,7,4.76,3.38,1.38
Sc1cccc2ccccc12,0,6.91,6.34,0.57
Sc1ccccc1,0,7.15,6.5,0.65
Sc1ccccc1Br,0,7.15,5.66,1.49
CC(=O)OCC(O)=O,6,3.7,2.81,0.89
Oc1ccccc1F,0,7.29,8.6,1.31
Oc1ccccc1I,0,7.29,8.51,1.22
SC#N,0,4.95,0.93,4.02
Sc1ccc(Br)cc1,0,7.04,6.02,1.02
Sc1ccc2ccccc2c1,0,7.27,6.47,0.8
CC(C)(N)CO,3,8.41,9.82,1.41
CC(C)(O)C(O)=O,5,3.11,3.85,0.74
CC(C)C(C#N)(C(C)C)C(O)=O,10,3.44,2.56,0.88
Oc1c(cccc1[N+]([O-])=O)[N+]([O-])=O,0,6.83,3.72,3.11
Oc1c2ccccc2ccc1[N+]([O-])=O,0,6.46,5.73,0.73
Oc1ccccc1,0,7.29,9.81,2.52
CC(C)(C)c1ccc(O)cc1,8,8.39,10.31,1.92
CC(C)(C)c1ccncc1,7,5.59,6.1,0.51
CC(C)(CO)C(O)=O,6,3.85,4.87,1.02
CC(C)(N)C(=O)NC(C)(C)C(=O)NC(C)(C)C(N)=O,3,8.41,7.76,0.65
Oc1cccc(Br)c1,0,7.24,8.89,1.65
Oc1cccc(F)c1,0,7.24,9.01,1.77
Oc1cccc(I)c1,0,7.24,8.89,1.65
Oc1cccc(c1)C#N,0,7.29,8.46,1.17
Oc1cccc(c1)[N+]([O-])=O,0,7.29,8.21,0.92
Oc1cccc2ccccc12,0,7.39,9.17,1.78
Oc1ccc(cc1[N+]([O-])=O)[N+]([O-])=O,0,7.24,4.02,3.22
Oc1ccc2cc(cc(c2c1)[S](O)(=O)=O)[S](O)(=O)=O,0,7.27,8.61,1.34
Oc1ccc2cc(ccc2c1)[S](O)(=O)=O,0,7.27,8.9,1.63
Oc1ccc2ccc(cc2c1)[S](O)(=O)=O,0,7.24,9.05,1.81
Oc1ccc2ccccc2c1,0,7.24,9.34,2.1
Oc1ccc2ccccc2c1[N+]([O-])=O,0,7.24,5.75,1.49
CC(C)C[C@H](NC(=O)CNC(=O)CN)C(O)=O,13,9.14,7.9,1.24
Oc1c(cc(cc1[N+]([O-])=O)[N+]([O-])=O)[N+]([O-])=O,0,6.46,0.22,6.24
Oc1ccc(cc1)N=O,0,7.24,6.33,0.91
CC(C)CCN,5,9.52,10.64,1.12
CC(C)CN,4,9.22,10.53,1.31
CC(C)C[C@H](NC(=O)CN)C(=O)NCC(O)=O,9,9.58,7.95,1.63
Oc1cc2ccc(cc2cc1[S](O)(=O)=O)[S](O)(=O)=O,0,7.24,9.14,1.9
Oc1ccc(Br)cc1,0,7.53,9.15,1.62
Oc1ccc(CC=C)cc1,0,7.53,10.23,2.7
Oc1ccc(F)cc1,0,7.53,9.68,2.15
Oc1ccc(I)cc1,0,7.53,9.33,1.8
Oc1ccc(c(c1)[N+]([O-])=O)[N+]([O-])=O,0,7.24,5.42,1.82
Oc1ccc(c2ccccc12)[S](O)(=O)=O,0,7.39,8.05,0.66
Oc1c2ccccc2ccc1[S](O)(=O)=O,0,6.46,9.03,2.57
Oc1cc(Br)cc(Br)c1,0,7.25,8.06,0.81
Oc1cc(I)cc(I)c1,0,7.25,8.1,0.85
Oc1cc(cc(c1)[N+]([O-])=O)[N+]([O-])=O,0,7.25,6.73,0.52
Oc1cc(cc2cc(ccc12)[S](O)(=O)=O)[S](O)(=O)=O,0,7.25,8.07,0.82
Oc1cc(cc2ccccc12)[S](O)(=O)=O,0,7.25,8.43,1.18
Oc1cc(ccc1[N+]([O-])=O)[N+]([O-])=O,0,7.39,5.25,2.14
ONC(/c1ccccc1)=C(N=O)\c2ccccc2,0,8.5,10.23,1.73
ONC1=C(CCCC1)N=O,0,8.5,10.63,2.13
ONC1=C(CCCCC1)N=O,0,8.5,10.57,2.07
OCc1cccc(CO)n1,9,5.38,4.39,0.99
CC(C)N,3,8.51,10.66,2.15
CC(C)S,3,7.71,10.86,3.15
CC(C)c1[nH]ccn1,7,5.99,7.77,1.78
O[C@@H]1CCCC[C@H]1C(O)=O,8,3.9,4.59,0.69
O[C@@H]1CCC[C@@H](C1)C(O)=O,8,3.76,4.51,0.75
O[C@@H]1CC[C@H](CC1)C(O)=O,8,3.89,4.58,0.69
O[C@H]1CCCC[C@H]1C(O)=O,8,4.03,4.64,0.61
O[C@H]1CCC[C@@H](C1)C(O)=O,8,3.86,4.67,0.81
O[C@H]1CC[C@H](CC1)C(O)=O,8,3.87,4.74,0.87
O[C@H]1[C@@H](O)[C@@H](O[C@@H]1CO[P](O)(=O)O[P](O)(O)=O)n2cnc3C(=O)N=CNc23,10,5.49,6.94,1.45
CC1=C(O)C(=O)C=CO1,3,8.01,8.55,0.54
CC1=CC(=CC(=O)O1)O,8,8.96,4.76,4.2
CC1=CC(=O)C(=CO1)O,8,8.79,8.06,0.73
OC1CC(=CC(O)C1O)C(O)=O,10,3.41,4.01,0.6
CC(N)C(=O)NC(C)(C)C(N)=O,2,8.53,7.93,0.6
CC(O)(C(O)=O)c1ccccc1,4,3.0,3.53,0.53
CC(O)C(O)=O,4,3.19,3.73,0.54
CC(Oc1ccccc1)C(O)=O,10,3.49,2.91,0.58
OCNC(=O)c1cccnc1,9,4.42,3.41,1.01
OCCCc1ccncc1,7,5.35,5.87,0.52
OCCN1CCN(CC1)CC[S](O)(=O)=O,3,9.58,7.55,2.03
OCCN1CCN(CCC[S](O)(=O)=O)CC1,3,9.76,7.96,1.8
OCCS,3,8.59,9.46,0.87
OCCSCc1ccccn1,10,5.21,4.61,0.6
CCC(C)C(N)C(=O)OC,5,8.66,7.54,1.12
CCC(C)N,4,9.07,10.57,1.5
CCC(N)CC,3,9.22,10.46,1.24
CCC(NC(N)=O)C(O)=O,8,4.84,3.89,0.95
CC1CCC(=C(C1)NO)N=O,8,11.2,10.54,0.66
CC1CCNCC1,4,10.44,11.08,0.64
CCC(=O)C(O)=O,5,3.44,2.49,0.95
OCCC(O)=O,4,3.74,4.43,0.69
OCCCC(O)=O,5,3.6,4.8,1.2
OCCCCc1ccncc1,8,5.43,6.01,0.58
OCC(CO)(CO)C(O)=O,8,3.53,4.46,0.93
OCC1=CC(=O)C(=C(I)O1)O,10,8.95,6.53,2.42
CCCCN,4,9.34,10.75,1.41
OC(=O)c1cccc(Br)c1,0,3.18,3.81,0.63
OC(=O)c1cccc(F)c1,0,3.18,3.77,0.59
OC(=O)c1cccc(I)c1,0,3.18,3.85,0.67
OC(=O)c1cccc(Oc2ccccc2)c1,0,3.18,3.95,0.77
CCCCC(N)C(=O)OC,5,8.69,7.68,1.01
CCCCCCN,6,9.3,10.64,1.34
CCCCCN,5,9.3,10.66,1.36
OC1=C(Br)C=CC=CC1=O,0,6.58,5.14,1.44
OC1=CC(=O)Oc2ccccc12,0,7.27,4.11,3.16
OC1=CC=C(C=CC1=O)C#N,0,7.53,3.72,3.81
CCC1=C(O)C(=O)C=CO1,4,7.69,8.56,0.87
CCCC(N)C(=O)OC,4,8.58,7.66,0.92
OC(CC(O)=O)c1ccccc1,4,3.56,4.4,0.84
CCCc1ccccc1O,9,9.07,10.5,1.43
CCCc1ccccn1,8,5.26,6.05,0.79
CCN,2,9.02,10.73,1.71
CCN(CC)C(=O)CCN,9,8.76,9.44,0.68
CCN(CC)C(=O)CN,8,9.0,8.45,0.55
OC(=O)c1cc(cc(c1)[N+]([O-])=O)[N+]([O-])=O,0,3.18,2.68,0.5
CCCN,3,9.3,10.65,1.35
CCCCOC(=O)CN,8,9.0,7.78,1.22
OC(=O)c1cccc[n+]1[O-],8,4.71,3.31,1.4
OC(=O)c1ccccc1[N+]([O-])=O,0,3.18,2.19,0.99
CCOC(=O)CNC(=O)CN,10,8.84,7.73,1.11
OC(=O)Cc1cccc(I)c1,0,3.18,4.16,0.98
OC(=O)Cc1cccc(c1)[N+]([O-])=O,0,3.18,3.97,0.79
OC(=O)Cc1ccccc1Br,0,3.18,4.05,0.87
CCOC(=O)C(N)Cc1ccccc1,6,8.09,7.12,0.97
CCOC(=O)CCC(N)C(=O)OCC,8,8.26,7.04,1.22
CCOC(=O)CCCCN,9,9.54,10.15,0.61
CCOC(=O)CCCN,8,8.67,9.71,1.04
CCOC(=O)CN,6,9.06,7.71,1.35
CCN1CCCCC1,2,9.7,10.61,0.91
OC(=O)c1ccc(Br)cc1,0,3.18,4.0,0.82
OC(=O)c1ccc(F)c(F)c1,0,3.18,3.79,0.61
OC(=O)c1ccc(F)cc1,0,3.18,4.04,0.86
OC(=O)c1ccc(I)cc1,0,3.18,4.0,0.82
OC(=O)c1ccc(Oc2ccccc2)cc1,0,3.18,4.52,1.34
CCS,2,8.36,10.61,2.25
CCSCCc1ccccn1,10,4.81,5.33,0.52
OC(=O)CSCCc1ccccc1,0,3.18,3.8,0.62
CCOc1cc(O)cc(OCC)c1,6,7.31,9.37,2.06
CCOc1ccc(N)cc1,7,4.63,5.25,0.62
CCOc1cccc(O)c1,8,9.04,9.65,0.61
CCOC(C)n1cnc2c(N)ncnc12,10,4.29,3.7,0.59
OC(=O)Cc1ccccc1I,0,3.18,4.04,0.86
OC(=O)Cc1ccccc1[N+]([O-])=O,0,3.18,4.0,0.82
OC(=O)[C@@H]1CC[C@H](CC1)C(O)=O,0,3.18,5.18,2.0
OC(=O)c1[nH]ccc1,0,3.18,4.37,1.19
OC(=O)c1c(F)c(F)c(F)c(F)c1F,0,3.18,1.5,1.68
OC(=O)c1c(F)cccc1F,0,3.18,2.24,0.94
CCc1[nH]ccn1,6,7.33,7.92,0.59
CCc1[nH]cnc1CC,5,6.39,8.19,1.8
CCc1ccc(C)nc1,7,5.54,6.43,0.89
CCc1cccc(O)c1,7,9.04,10.07,1.03
CCc1ccccn1,7,5.25,6.04,0.79
CCc1ccncc1,5,5.34,6.14,0.8
CCc1cnccc1C,4,5.42,6.35,0.93
OC(=O)Cc1ccc(I)cc1,0,3.18,4.18,1.0
OC(=O)Cc1ccc(cc1)[N+]([O-])=O,0,3.18,3.85,0.67
CC[C@H]1[C@H](COC1=O)Cc2cncn2C,11,6.35,7.15,0.8
CC[S](O)(=O)=O,3,2.71,1.68,1.03
CCc1[nH]cc(C)n1,7,7.64,8.6,0.96
OC(=O)C[Se]CCCC=C,0,3.18,3.8,0.62
OC(=O)Cc1ccc(Br)cc1,0,3.18,4.19,1.01
OC(=O)C[N+]([O-])=O,0,3.18,1.49,1.69
OC(=O)C[Se]CCC=C,0,3.18,3.77,0.59
CN1CCCC1,1,9.75,10.46,0.71
CN(CC(O)=O)C(N)=N,4,3.32,2.63,0.69
CCc1sc(N)nn1,5,4.22,3.35,0.87
CCn1ccnc1,2,6.5,7.21,0.71
CN,1,8.96,10.71,1.75
OC(=O)C1(O)CCCC1,0,3.18,4.01,0.83
OC(=O)C1(O)CCCCC1,0,3.18,4.01,0.83
OC(=O)C1(O)CCCCCC1,0,3.18,4.07,0.89
OC(=O)C1=C(C(=O)NC(=O)N1)[N+]([O-])=O,0,3.18,4.83,1.65
OC(=O)CC#N,0,3.18,2.53,0.65
OC(=O)CCBr,0,3.18,3.89,0.71
CNC(=O)[C@H](CCSC)NC(=O)[C@@H](N)Cc1ccccc1,13,8.24,7.15,1.09
OC(=O)CCI,0,3.18,3.98,0.8
CN1N(c2ccccc2)C(=O)C(=C1C)O,14,8.75,1.5,7.25
COC(=O)CCC(N)C(=O)OC,7,8.21,7.03,1.18
COC(=O)CCN,6,8.43,9.17,0.74
COC(=O)CN,5,8.92,7.66,1.26
COC(=O)CN(C)C(=O)CN,10,8.93,8.01,0.92
COC(=O)CNC(=O)CN,9,8.33,7.78,0.55
COC(=O)C(N)CCSC,5,7.84,7.1,0.74
COC(=O)C(N)CO,5,7.84,7.05,0.79
OC(=O)C#CBr,0,3.18,1.86,1.32
OC(=O)C(=O)Cc1ccccc1,0,3.18,2.33,0.85
O=Cc1ccccn1,7,5.11,3.84,1.27
O=Cc1cccnc1,6,4.45,3.75,0.7
O=Cc1ccncc1,5,5.27,4.65,0.62
COc1cc(C)nc(C)c1,6,6.21,8.04,1.83
Nc1ccc(cc1)[S](O)(=O)=O,0,4.3,3.18,1.12
Nc1ccc(cn1)[N+]([O-])=O,6,4.74,2.8,1.94
Nc1cccc(I)c1,0,4.3,3.59,0.71
COC(=O)c1ccncc1,7,4.3,3.26,1.04
COCCC(O)=O,5,3.67,4.71,1.04
COC(=O)c1ccccc1O,10,8.66,9.97,1.31
Nc1ncnc2n(cnc12)[C@@H]3O[C@H](CO)[C@@H](O)[C@H]3O,0,4.19,3.6,0.59
Nc1sccn1,0,4.34,5.57,1.23
O=C1CCNCCNC(=O)CC(=O)NCCN1,4,9.43,8.11,1.32
COc1cccc(O)c1,7,8.98,9.65,0.67
COc1ccc(O)cc1,6,9.03,10.09,1.06
COc1ccc(S)cc1,6,6.27,6.78,0.51
COc1ccc(cc1)C(O)=O,9,3.45,4.37,0.92
Nc1ccncc1[N+]([O-])=O,0,4.22,5.05,0.83
COc1ccc(CC(O)=O)cc1,8,3.6,4.36,0.76
COc1ccc(CC(O)=O)cc1OC,8,3.6,4.33,0.73
COc1ccc(CCN)cc1OC,8,9.12,9.87,0.75
COc1ccc(N)c(N)c1,6,4.15,5.1,0.95
COc1ccc(N)cc1,6,4.18,5.36,1.18
Nc1cccc(c1)[S](O)(=O)=O,0,4.22,3.69,0.53
Nc1cccnc1,5,5.52,6.08,0.56
CSCCCN,5,9.22,10.1,0.88
CSCCN,4,8.83,9.43,0.6
NNc1ccccn1,0,8.71,7.24,1.47
COc1ccccc1[Se]CC(O)=O,11,3.24,3.76,0.52
COc1cccnc1C=O,6,4.6,2.89,1.71
COc1ccncc1,5,5.31,6.47,1.16
COc1ccccc1C(O)=O,9,3.35,3.98,0.63
COc1ccccc1N,8,4.01,4.53,0.52
COc1ccccc1O,8,9.21,9.98,0.77
N[C@@H](Cc1ccccc1)C(N)=O,0,8.01,7.26,0.75
N[C@@H]1C(O)O[C@H](CO)[C@@H](O)[C@@H]1O,0,8.37,7.54,0.83
N[C@H]1C(O)O[C@H](CO)[C@@H](O)[C@@H]1O,0,8.26,7.42,0.84
N[C@H]1C(O)O[C@H](CO)[C@H](O)[C@@H]1O,0,8.26,7.67,0.59
Nc1ccc(Br)cn1,0,4.19,4.91,0.72
NCCCCCCO,0,9.37,10.81,1.44
NCCCCCO,0,9.37,10.76,1.39
NCCCCC[S](O)(=O)=O,0,9.37,10.46,1.09
NCCCCCc1ccccc1,0,9.37,10.55,1.18
NCCCCO,0,9.37,10.46,1.09
NCC(=O)NCC(N)=O,0,8.72,7.78,0.94
NCC(=O)NCCC(N)=O,0,8.72,7.83,0.89
NCC(N)=O,0,8.72,8.09,0.63
NCCCc1ccccc1,0,9.37,10.34,0.97
NCCCC[S](O)(=O)=O,0,9.37,10.24,0.87
NCCCCc1ccccc1,0,9.37,10.52,1.15
CSC[C@H](NC(=O)CC[C@H](N)C(O)=O)C(=O)NCC(O)=O,10,8.27,9.08,0.81
CSc1cccc2cccnc12,10,4.78,3.42,1.36
CSc1ccccc1S,8,6.34,5.75,0.59
NCCCO,0,9.37,10.3,0.93
N[C@@H](CO)C(N)=O,0,8.51,7.18,1.33
NCCc1ccccc1,0,9.37,9.99,0.62
Fc1c(F)c(F)c(S)c(F)c1F,7,5.11,2.68,2.43
Ic1cccnc1,5,5.52,3.35,2.17
N#CCc1cccnc1,7,5.29,4.06,1.23
NC(O)=O,2,3.59,6.76,3.17
NCC(=O)NCC(=O)NCC(N)=O,0,8.72,7.75,0.97
NC(=O)c1cccnc1,7,4.76,3.36,1.4
NCC1CCCCC1,0,8.8,10.7,1.9
NC1CCCC1,0,9.36,10.64,1.28
NC1CCCCC1,0,9.36,10.59,1.23
C[N+](C)(C)CCS,6,7.35,7.88,0.53
C[Se]c1cccc2cccnc12,10,4.53,3.25,1.28
NC(=O)NCCC(O)=O,7,3.85,4.49,0.64
NC(=O)NCCCC(O)=O,8,3.97,4.68,0.71
NC(=O)c1ccccc1O,9,8.26,8.89,0.63
NC(=O)Cc1ccccn1,9,5.14,4.34,0.8
NC(=O)C(=O)NCc1ccccn1,12,4.72,4.2,0.52
NC(=O)CCCc1ccccn1,11,6.44,5.48,0.96
Cc1[nH]cc(C)n1,6,5.69,8.45,2.76
Cc1[nH]ccn1,5,6.2,7.98,1.78
Cc1[nH]cnc1C,4,6.58,8.19,1.61
Cn1cnc2c(N)nc(C)nc12,6,4.24,5.02,0.78
Cc1ccc(C)c(O)c1,7,8.83,10.4,1.57
Cc1ccc(C)nc1,6,5.3,6.5,1.2
Cc1ccc(CN)cc1,6,8.95,9.51,0.56
Cc1ccc(N)c(N)c1,5,4.36,4.88,0.52
Cc1ccc(O)cc1,5,8.91,10.06,1.15
Cc1cc(cc(Br)c1O)C2(O[S](=O)(=O)c3ccccc23)c4cc(C)c(O)c(Br)c4,8,9.04,6.2,2.84
Cc1cc(cc(C)n1)C#N,7,5.23,3.68,1.55
Cc1cc(cc(C)n1)[N+]([O-])=O,7,5.23,3.15,2.08
Cc1cc(ccc1N)[S](O)(=O)=O,7,3.88,3.13,0.75
Cc1cc(C)cc(O)c1,7,8.02,10.09,2.07
Cc1cc(O)cc(C)c1C,4,8.94,10.25,1.31
Cc1cc(O)cc(C)c1[N+]([O-])=O,4,8.94,8.25,0.69
Cc1c(Br)c(O)c(Br)cc1C2(O[S](=O)(=O)c3ccccc23)c4cc(Br)c(O)c(Br)c4C,5,5.64,4.68,0.96
Cc1c[nH]cn1,5,5.36,7.63,2.27
Cc1ccccn1,6,5.39,5.99,0.6
Cc1ccccc1O,7,8.9,10.2,1.3
Cc1cccc(C)c1OCC(O)=O,11,4.03,3.36,0.67
Cc1cccc(C)c1S,8,6.63,7.38,0.75
Cc1cccc(O)c1,6,8.8,10.1,1.3
Cc1ccc([Se]CC(O)=O)cc1,8,3.22,3.72,0.5
Cc1ccc(c(C)n1)[N+]([O-])=O,7,5.16,2.87,2.29
Cc1ccc2ccc3ccc(C)nc3c2n1,15,5.21,5.83,0.62
CC(=O)NCCC(O)=O,7,3.85,4.45,0.6
CC(=O)NCCS,6,9.08,9.92,0.84
CC(=O)NCCc1c[nH]cn1,10,5.92,7.12,1.2
Oc1ccccc1Br,0,7.29,8.33,1.04
Oc1ccccc1CC=C,0,7.29,10.27,2.98
[nH]1cnc2cccnc12,7,5.22,4.1,1.12
CC(=O)C(O)=O,4,3.28,2.3,0.98
[nH]1ccnc1,3,5.08,7.38,2.3
c1ccc(cc1)c2ccccn2,11,5.18,4.64,0.54
c1cnc2ccc3ncccc3c2c1,2,5.01,4.0,1.01
s1ccc(c1)c2ccncc2,8,5.04,5.6,0.56
s1cccc1c2ccccn2,10,4.69,3.69,1.0
s1cccc1c2ccncc2,8,4.61,5.48,0.87
Cc1ccc(S)c(S)c1,5,6.82,11.0,4.18
Cc1cccc(CN)n1,8,5.06,3.08,1.98
Cc1ccc2c(ccc(O)c2n1)[S](O)(=O)=O,11,5.18,4.63,0.55
Cc1cccc(C)c1NC(=O)CN(CC(O)=O)CC(O)=O,15,3.42,2.16,1.26
Cc1cccc(C)c1NC(=O)CN(CC(O)=O)CC(O)=O,19,3.79,5.88,2.09
CC(=O)NCCN(CC(O)=O)CC(O)=O,6,8.99,8.17,0.82
CC(=O)NCCN(CC(O)=O)CC(O)=O,9,3.32,1.9,1.42
C(CCc1ccccn1)CCc2ccccn2,16,5.64,6.33,0.69
Cc1cc(C)c(NC(=O)CN(CC(O)=O)CC(O)=O)c(C)c1,13,2.98,2.19,0.79
Cc1cc(C)c(NC(=O)CN(CC(O)=O)CC(O)=O)c(C)c1,17,5.04,6.01,0.97
Cc1ccc(cc1)[S](=O)(=O)NCCN(CC(O)=O)CC(O)=O,10,6.96,7.86,0.9
Cc1ccc(cc1)[S](=O)(=O)NCCN(CC(O)=O)CC(O)=O,16,2.89,2.15,0.74
CC(=O)NCC(=O)NCC(=O)N[C@@H](Cc1c[nH]cn1)C(O)=O,18,6.21,7.06,0.85
CC(=O)CN(CC(O)=O)CC(O)=O,4,8.55,7.71,0.84
CC(=O)CN(CC(O)=O)CC(O)=O,7,3.68,2.62,1.06
Oc1cnccc1C=O,0,7.25,6.73,0.52
Oc1cnccc1C=O,3,5.51,4.04,1.47
CC(=O)NCC(=O)NCC(=O)NCC(=O)N[C@@H](Cc1c[nH]cn1)C(O)=O,22,6.42,7.09,0.67
CC(=O)NCC(=O)NCC(=O)NCC(=O)N[C@@H](Cc1c[nH]cn1)C(O)=O,24,3.61,3.04,0.57
CC(=O)N[C@@H](CS)C(O)=O,6,8.92,9.44,0.52
CC(=O)N[C@@H](Cc1c[nH]cn1)C(O)=O,10,6.23,7.02,0.79
CC(C(O)=O)C(=O)C(O)=O,3,3.06,1.7,1.36
CC(C(O)=O)C(=O)C(O)=O,8,3.66,4.18,0.52
CC(C(O)=O)C(O)=O,6,4.22,5.36,1.14
c1ccc(C=Cc2ccccn2)nc1,12,4.99,2.81,2.18
C[C@H](NC(=O)CNC(=O)CN)C(O)=O,10,8.7,7.9,0.8
C[C@H](NC(=O)CNC(=O)CNC(=O)CNC(=O)CN)C(O)=O,18,8.91,7.86,1.05
C[C@H](NC(=O)OC(C)(C)C)C(=O)NCC(=O)NCC(=O)N[C@@H](Cc1c[nH]cn1)C(O)=O,29,3.57,2.83,0.74
Oc1cccnc1,0,7.29,8.62,1.33
Oc1cccnc1,5,5.52,4.95,0.57
Oc1cccnc1C=O,5,5.39,3.4,1.99
CC(=O)N[C@@H](CC(O)=O)C(O)=O,10,3.9,4.49,0.59
CC(=O)N[C@@H](CCC(O)=O)C(O)=O,11,3.72,4.6,0.88
C(Cc1ccccn1)c2ccccn2,7,5.25,3.99,1.26
c1cc(ccn1)C=Cc2ccncc2,5,4.94,4.41,0.53
c1cc(ccn1)C=Cc2ccncc2,11,4.62,5.65,1.03
C1CNCCCNC1,2,9.18,7.07,2.11
CC(=C/C(O)=O)/C(O)=O,4,3.66,2.28,1.38
CC(=C/C(O)=O)/C(O)=O,7,4.05,5.74,1.69
C(Cc1ccccn1)Cc2ccccn2,14,5.41,6.15,0.74
SCCS,0,8.23,8.93,0.7
SCCS,3,8.59,10.43,1.84
C[C@H](N)C(=O)N[C@@H](CCCNC(N)=N)C(O)=O,15,3.62,2.99,0.63
NC(C(O)C(O)C(O)CO)C(O)=O,11,2.92,2.2,0.72
NC(Cc1cc(I)c(O)c(I)c1)C(O)=O,13,3.17,6.16,2.99
CC(C)(NC(=O)CN)C(=O)NCC(O)=O,7,8.89,8.2,0.69
Oc1ccc(c(c1O)[N+]([O-])=O)[N+]([O-])=O,0,7.24,4.02,3.22
Oc1ccc(c(c1O)[N+]([O-])=O)[N+]([O-])=O,7,8.92,8.24,0.68
Oc1cc(cc(c1O)[N+]([O-])=O)[N+]([O-])=O,0,7.25,3.35,3.9
Oc1cc(cc(c1O)[N+]([O-])=O)[N+]([O-])=O,7,8.82,9.83,1.01
CC(C)(N)C(O)=O,3,8.41,10.22,1.81
CC(C)(N)C(O)=O,5,2.94,2.44,0.5
FC1(F)CNCCNCCCNCCNC1,4,8.92,7.52,1.4
FC1(F)CNCCNCCCNCCNC1,7,10.18,10.78,0.6
FC1CNCCNCCCNCCNC1,6,9.99,10.96,0.97
C[C@H](N)C(O)=O,2,8.19,9.93,1.74
CC(C)(N)C(=O)NC(C)(C)C(=O)NC(C)(C)C(=O)NC(C)(C)C(O)=O,3,8.41,7.78,0.63
NCC(=O)NCCCNC(=O)CN,0,8.72,7.72,1.0
NCC(=O)NCCCNC(=O)CN,12,8.93,8.4,0.53
NCC(=O)NO,0,8.72,7.48,1.24
NCC(=O)NCC(=O)N1CCC[C@H]1C(=O)NCC(O)=O,0,8.72,8.06,0.66
NCC(=O)NCC(=O)NCC(=O)NO,0,8.72,7.51,1.21
NCC(=O)NCC(=O)NCC(=O)NO,13,9.1,8.4,0.7
NCC(=O)NCC(=O)NCC(O)=O,0,8.72,8.1,0.62
NCC(=O)NCC(=O)NCCC(O)=O,0,8.72,7.89,0.83
NCC(=O)NCC(=O)NCCC(O)=O,12,3.43,4.04,0.61
NCC(=O)NCC(=O)NO,0,8.72,7.52,1.2
NCC(=O)NC(CO)C(=O)NCC(O)=O,0,8.72,7.99,0.73
NCC(=O)NCC(=O)N1CCC[C@H]1C(=O)NCC(=O)NCC(=O)NCC(=O)N2CCC[C@H]2C(=O)NCC(O)=O,0,8.72,8.17,0.55
NC1(CCCC1)C(O)=O,0,9.29,10.31,1.02
NC1(CCCC1)C(O)=O,7,3.54,2.4,1.14
NC1(CCCCC1)C(O)=O,0,8.94,10.13,1.19
NC1(CCCCC1)C(O)=O,8,3.54,2.41,1.13
NC1(CCCCCC1)C(O)=O,0,8.84,10.46,1.62
NC1(CCCCCC1)C(O)=O,9,3.54,2.59,0.95
Oc1cccc2cccnc12,0,7.39,9.72,2.33
NCC(O)=O,0,8.72,9.76,1.04
NCC(O)=O,3,3.3,2.5,0.8
NCC(=O)NCCCCNC(=O)CN,0,8.72,7.78,0.94
NCC(=C)CN,5,9.24,10.09,0.85
NCC(=O)N1CCC[C@H]1C(=O)N2CCC[C@H]2C(=O)NCC(=O)NCC(O)=O,25,3.88,3.28,0.6
NCC(O)C(O)=O,5,3.19,2.66,0.53
CC(C)C[C@H](N)C(O)=O,5,8.01,9.61,1.6
CC(C)C[C@H](N)C(O)=O,7,2.94,2.32,0.62
CC(C)C[C@H](NC(=O)[C@@H](C)N)C(O)=O,10,7.59,8.23,0.64
CC(C)(CN)CN,6,9.42,10.22,0.8
CC(C)C[C@H](N)C(=O)NO,5,8.01,7.2,0.81
CC(C)C[C@H](N)C(=O)N[C@@H](CC(C)C)C(=O)NCC(O)=O,19,2.97,3.56,0.59
CC(C)C[C@@H](NC(=O)[C@H](CC(C)C)NC(=O)CN)C(O)=O,17,9.36,8.03,1.33
CC(C)C(C(O)=O)C(O)=O,8,4.84,5.69,0.85
NCCCCCc1ccccn1,0,9.37,10.38,1.01
NCCCCCc1cccnc1,0,9.37,10.34,0.97
NCC(=O)NCCC(=O)NCC(O)=O,0,8.72,8.05,0.67
NCC(=O)NCCCCCCCCNC(=O)CN,0,8.72,7.75,0.97
NCC(=O)NCCCCCCNC(=O)CN,0,8.72,7.78,0.94
NCC(=O)NCCCCCNC(=O)CN,0,8.72,7.73,0.99
NCCCCCc1ccncc1,0,9.37,10.3,0.93
NCCCCN,5,9.3,10.95,1.65
NCCCCCC(O)=O,0,9.37,10.92,1.55
NCCCCCC(O)=O,7,3.62,4.51,0.89
NCCCCCCCCN,0,9.37,10.27,0.9
NCCCCCCCCN,9,9.3,11.08,1.78
NCCCCSCCCCN,0,9.37,10.05,0.68
NCCCCSCCCCN,10,9.38,10.73,1.35
NCCCCSCCCN,9,9.06,10.51,1.45
NCCCCSCCN,8,9.29,10.44,1.15
NCCCCCCN,0,9.37,10.16,0.79
NCCCCCCN,7,9.3,11.04,1.74
NCCCCCN,0,9.37,9.93,0.56
NCCCCCN,6,9.3,10.96,1.66
NCCC(=O)NCCC(O)=O,9,3.33,3.95,0.62
NCCC(=O)NO,0,9.37,8.34,1.03
NCCC(=O)NO,6,10.6,9.61,0.99
NCCC(O)=O,0,9.37,10.34,0.97
NCCCCc1ccncc1,0,9.37,10.18,0.81
NCCCN,4,9.76,10.82,1.06
NCCCC(O)=O,0,9.37,10.52,1.15
NCCCC(O)=O,5,3.6,4.13,0.53
NCCCCC(O)=O,0,9.37,10.68,1.31
NCCCCC(O)=O,6,3.62,4.25,0.63
NCC(O)CN,5,10.41,9.85,0.56
NCC(=O)NCC(=O)NCC(=O)N1CCC[C@H]1C(O)=O,0,8.72,8.04,0.68
NCC(=O)NCC(=O)NCC(=O)N1CCC[C@H]1C(O)=O,18,3.45,2.91,0.54
NCC(=O)NCC(=O)NCC(=O)NCC(=O)NCC(O)=O,0,8.72,7.86,0.86
NCC(=O)NCC(=O)NCC(=O)NCC(O)=O,0,8.72,7.88,0.84
NCC(=O)N1CCC[C@H]1C(=O)NCC(=O)N2CCC[C@H]2C(=O)N[C@@H](CCC(N)=O)C(O)=O,30,3.73,3.22,0.51
NCC(=O)N1CCC[C@H]1C(=O)NCC(=O)N[C@@H](Cc2ccc(O)cc2)C(O)=O,0,8.72,9.98,1.26
NCC(=O)N1CCC[C@H]1C(=O)NCC(=O)N[C@@H](Cc2ccc(O)cc2)C(O)=O,22,7.61,8.43,0.82
NCCCC[C@H](N)C(=O)NCC(O)=O,0,9.37,7.64,1.73
NCCCC[C@H](N)C(=O)NCC(O)=O,6,9.07,10.61,1.54
NCCCCc1ccccn1,0,9.37,10.3,0.93
NCCCCc1cccnc1,0,9.37,10.16,0.79
NCCCNC(=O)C(=O)NCCCN,13,9.45,10.13,0.68
O[C@@H]([C@H](O)[C@H](O)C(O)=O)[C@@H](O)C(O)=O,12,3.45,3.97,0.52
CC(C)CC(C(O)=O)C(O)=O,6,3.5,2.87,0.63
CC(C)CC(C(O)=O)C(O)=O,9,3.51,5.36,1.85
Oc1ccc(c2cccnc12)[N+]([O-])=O,0,7.39,2.51,4.88
Oc1ccc(c2cccnc12)[S](O)(=O)=O,0,7.39,8.33,0.94
O[P](O)(=O)c1ccccc1,0,3.92,1.73,2.19
O[P](O)(=O)c1ccccc1,2,3.92,6.92,3.0
O[C@@H](CS)[C@H](O)CS,3,8.52,9.18,0.66
O[C@@H](CS)[C@H](O)CS,7,8.64,9.96,1.32
O[P](O)(=O)O[P]([O-])(=O)Oc1ccccc1,0,3.92,1.3,2.62
O[P](O)(=O)O[P]([O-])(=O)Oc1ccccc1,2,3.92,6.32,2.4
O[P](O)(=O)Oc1ccc2ccccc2c1,0,3.92,1.2,2.72
O[P](O)(=O)Oc1ccc2ccccc2c1,2,3.92,5.69,1.77
O[P](O)(=O)Oc1cccc2ccccc12,0,3.92,0.9,3.02
O[P](O)(=O)Oc1cccc2ccccc12,2,3.92,5.77,1.85
O[P](O)(=O)Oc1ccccc1,0,3.92,0.9,3.02
O[P](O)(=O)Oc1ccccc1,2,3.92,5.79,1.87
O[P](O)(=O)c1ccc(cc1)[N+]([O-])=O,0,3.92,1.2,2.72
O[P](O)(=O)c1ccc(cc1)[N+]([O-])=O,2,3.92,6.58,2.66
Oc1c(cc(c(O)c1[N+]([O-])=O)[N+]([O-])=O)[N+]([O-])=O,0,7.2,0.1,7.1
Oc1c(cc(c(O)c1[N+]([O-])=O)[N+]([O-])=O)[N+]([O-])=O,6,8.38,4.23,4.15
NCCCSCCc1ccccn1,0,9.37,10.03,0.66
NCCCSCc1ccccn1,0,9.37,9.97,0.6
NCCCSCc1ccccn1,11,5.37,4.46,0.91
NCCNC(=O)CC(=O)NCCN,0,9.37,8.69,0.68
NCCNC(=O)CC(=O)NCCN,12,8.46,9.18,0.72
NCCCc1ccccn1,0,9.37,10.1,0.73
NCCCc1cccnc1,0,9.37,10.05,0.68
NCCCc1ccncc1,0,9.37,9.98,0.61
CC(C)NCCNC(C)C,3,9.07,7.44,1.63
O[P](O)(=O)c1cccc(c1)[N+]([O-])=O,0,3.92,1.2,2.72
O[P](O)(=O)c1cccc(c1)[N+]([O-])=O,2,3.92,6.61,2.69
O[P](O)(=O)CI,0,3.92,1.3,2.62
O[P](O)(=O)CI,2,3.92,6.44,2.52
NCCCSCCCN,8,9.38,10.37,0.99
NCCCSCCN,7,9.06,10.14,1.08
CC(C)C[C@H](NC(=O)[C@@H](CC(C)C)NC(=O)CN)C(O)=O,17,8.81,8.15,0.66
CC(C)C[C@H](NC(=O)[C@H](CC(C)C)NC(=O)CN)C(O)=O,17,9.21,8.1,1.11
CC(C)[C@H](N)C(O)=O,4,8.2,9.55,1.35
C[C@H](N)C(=O)NO,2,8.19,7.37,0.82
O[C@H](CS)[C@H](O)CS,7,9.0,9.94,0.94
O[P](O)(=O)C(Br)Br,0,3.92,0.8,3.12
O[P](O)(=O)C(Br)Br,2,3.92,5.4,1.48
O[P](O)(=O)CBr,0,3.92,1.2,2.72
O[P](O)(=O)CBr,2,3.92,6.24,2.32
O[P](O)(=O)CCBr,0,3.92,1.6,2.32
O[P](O)(=O)CCBr,2,3.92,6.9,2.98
C[C@@H](NC(=O)[C@H](C)NC(=O)CN)C(O)=O,11,8.87,8.06,0.81
C[C@@](CCC(O)=O)(NC(=O)c1ccccc1)C(O)=O,17,3.65,4.63,0.98
C[C@H](N)C(=O)N1CCC[C@H]1C(O)=O,11,3.88,2.9,0.98
NCc1cccnc1,6,5.34,3.88,1.46
NCc1ccncc1,0,8.96,8.3,0.66
NCc1ccncc1,5,5.34,4.05,1.29
NCCc1cccnc1,7,5.34,4.64,0.7
NC[C@H](O)c1ccc(O)cc1,0,8.85,9.91,1.06
NC[C@H](O)c1ccc(O)cc1,8,6.87,8.85,1.98
NCCc1c[nH]c(S)n1,0,9.37,11.62,2.25
NCCc1c[nH]c(S)n1,7,7.15,9.12,1.97
NCCc1c[nH]c2ccc(O)cc12,0,9.37,11.13,1.76
NCCc1c[nH]c2ccc(O)cc12,10,8.81,9.85,1.04
NCCN,0,9.37,7.31,2.06
NCCN,3,9.3,10.18,0.88
NCCN1CCNCC1,0,9.37,8.44,0.93
NCCNC(=O)C(=O)NCCN,0,9.37,8.39,0.98
NCCc1ccccn1,8,5.32,4.04,1.28
N[C@@H](CO)C(O)=O,0,8.51,9.21,0.7
N[C@@H](CO)C(O)=O,5,2.77,2.27,0.5
N[C@@H](CCC(N)=O)C(O)=O,0,8.46,9.07,0.61
N[C@@H](CCC(N)=O)C(O)=O,8,3.17,2.31,0.86
NCCSCc1ccccn1,10,5.21,4.21,1.0
NCC[S](O)(=O)=O,4,1.48,0.33,1.15
N[C@@H](CCO)C(O)=O,0,8.54,9.37,0.83
N[C@@H](CCO)C(O)=O,6,3.04,2.34,0.7
OCCN(CC(O)=O)c1ccccc1C(O)=O,6,3.58,2.41,1.17
OCCN(CCC(O)=O)CCC(O)=O,3,9.41,8.91,0.5
OCCN(CCO)c1cc(ccc1C(O)=O)C(O)=O,14,4.85,3.1,1.75
OCc1ncccc1O,3,5.57,4.87,0.7
ONC(=O)CCCC(O)=O,0,8.5,9.39,0.89
ONC(=O)c1ccccc1O,0,8.5,7.37,1.13
ONC(=O)c1ccccc1O,10,8.36,9.72,1.36
N[C@@H](CCCNC(N)=N)C(=O)N1CCC[C@H]1C(=O)NCC(=O)N2CCC[C@H]2C(=O)NCC(O)=O,0,8.05,7.47,0.58
N[C@@H](CC(N)=O)C(O)=O,7,3.06,2.23,0.83
CC(CO)(CO)N(CC(O)=O)CC(O)=O,6,8.96,8.45,0.51
CC(CO)(CO)N(CC(O)=O)CC(O)=O,9,3.65,2.78,0.87
CC(N)CCN,5,9.59,10.72,1.13
CC1=C(O)C(=O)C=CN1,3,8.01,9.83,1.82
CC1(C)CNCCNCCNCCNC1,4,9.13,9.95,0.82
CC1(C)CNCCNCCNCCNC1,7,10.14,11.4,1.26
CC(N)CN,2,8.53,7.14,1.39
Nc1c(ccc2ccccc12)C(O)=O,0,4.23,4.96,0.73
Nc1c(ccc2ccccc12)C(O)=O,12,3.19,1.0,2.19
Nc1cc2ccccc2c(c1)C(O)=O,12,3.32,2.52,0.8
Nc1cc2ccccc2cc1C(O)=O,0,4.22,4.87,0.65
Nc1cc2ccccc2cc1C(O)=O,12,3.32,2.41,0.91
N[C@@H](Cc1c[nH]c2ccccc12)C(=O)NO,0,7.76,7.04,0.72
N[C@@H](Cc1ccccc1)C(=O)N[C@@H](Cc2ccccc2)C(=O)N[C@@H](Cc3ccccc3)C(O)=O,0,8.01,7.13,0.88
N[C@@H](Cc1ccc(O)cc1)C(N)=O,0,8.04,7.42,0.62
N[C@@H](Cc1ccc(O)cc1)C(N)=O,7,9.23,9.83,0.6
N[C@@H](Cc1ccccc1)C(=O)NCC(O)=O,0,8.01,7.48,0.53
N[C@@H](CO)C(=O)NCC(O)=O,0,8.51,7.34,1.17
NCCc1ccc(O)cc1,0,9.37,10.5,1.13
NCCc1cccc(O)c1,0,9.37,10.39,1.02
NCCOCCSCCN,0,9.37,8.68,0.69
NCCS,0,9.37,10.74,1.37
CSCC[C@H](N)C(=O)N[C@@H](CCSC)C(O)=O,5,8.34,7.41,0.93
CSCC[C@H](N)C(=O)N[C@H](CCSC)C(O)=O,5,8.34,7.59,0.75
CSCC[C@H](NC(=O)CN)C(O)=O,9,9.66,8.35,1.31
Nc1cccc(O)c1,6,8.8,9.92,1.12
Nc1ccc(cc1)C(O)=O,8,3.11,2.46,0.65
Nc1c(O)cccc1C(O)=O,0,4.52,5.19,0.67
Nc1c(O)cccc1C(O)=O,3,8.0,10.12,2.12
CSCC[C@H](NC(=O)[C@@H](N)Cc1ccccc1)C(O)=O,9,8.79,7.27,1.52
CSCCN(CC(O)=O)CC(O)=O,7,3.2,2.05,1.15
CSCC[C@H](N)C(=O)NCC(O)=O,5,8.34,7.59,0.75
CC(CC(O)=O)C(O)=O,4,3.35,3.95,0.6
CC(CC(O)=O)C(O)=O,7,4.22,5.42,1.2
CC(CC(O)=O)CC(O)=O,4,3.35,4.25,0.9
CC(CC(O)=O)CC(O)=O,8,3.77,6.23,2.46
N[C@H](CO)Cc1ccc(O)cc1,0,8.83,9.98,1.15
COc1ccccc1N(CC(O)=O)CC(O)=O,11,3.24,2.69,0.55
COc1ccccc1N(CC(O)=O)CC(O)=O,15,4.62,5.58,0.96
Nc1ccc(C(N)=O)c(O)c1,0,4.13,3.0,1.13
Nc1ccc(C(N)=O)c(O)c1,9,7.67,9.11,1.44
Nc1ccc(C(O)=O)c2ccccc12,6,3.27,2.0,1.27
OC1C(O)C(O)(CO[P](O)(O)=O)OC1CO[P](O)(O)=O,9,6.7,6.14,0.56
OC1C(O)C(OC1CO[P](O)(=O)O[P](O)(O)=O)N2C=CC(=O)NC2=O,10,1.91,1.3,0.61
OCC(C(O)c1ccccc1)N(CC(O)=O)CC(O)=O,14,5.99,2.52,3.47
CC1(F)CNCCNCCCNCCNC1,4,9.06,9.69,0.63
CC1(F)CNCCNCCCNCCNC1,7,10.18,11.34,1.16
CC(C)c1cccc(C(C)C)c1NC(=O)CN(CC(O)=O)CC(O)=O,19,3.51,2.2,1.31
CC(C)c1cccc(C(C)C)c1NC(=O)CN(CC(O)=O)CC(O)=O,23,3.4,5.83,2.43
OC(=O)c1nccnc1C(O)=O,0,3.18,1.5,1.68
OC(=O)c1nccnc1C(O)=O,10,4.06,3.04,1.02
OC(C(O)=O)C(O)=O,3,3.06,2.02,1.04
OC[C@H]1O[C@H](O[P](O)(O)=O)[C@H](O)[C@@H](O)[C@@H]1O,7,5.12,1.5,3.62
OC[C@H]1O[C@H](O[P](O)(O)=O)[C@H](O)[C@@H](O)[C@@H]1O,8,5.12,6.01,0.89
OC[C@H]1O[C@H]([C@H](O)[C@@H]1O)n2cnc3c(O)ncnc23,14,7.24,1.1,6.14
OC[P](O)(O)=O,3,5.37,1.7,3.67
OC[P](O)(O)=O,4,5.37,7.11,1.74
OCCNCCc1ccccn1,3,9.57,7.94,1.63
OCCNCCc1ccccn1,11,6.07,3.15,2.92
CCC(CC(O)=O)CC(O)=O,5,3.32,4.29,0.97
CCC(CC(O)=O)CC(O)=O,9,5.18,6.33,1.15
CCC(CC)(C(O)=O)C(O)=O,6,3.68,2.02,1.66
CCC(CC)(C(O)=O)C(O)=O,9,5.49,6.95,1.46
OC(CN(CC(O)=O)CC(O)=O)c1ccccc1,3,9.3,8.43,0.87
OC(Cc1c[nH]cn1)C(O)=O,7,5.61,7.31,1.7
OC(Cc1c[nH]cn1)C(O)=O,9,3.66,3.0,0.66
CC1C(=O)NCCNCCNCCNCCNC1=O,7,9.07,7.95,1.12
CC1CC(C)NCCNCCNCCN1,5,9.25,9.76,0.51
CC1CC(C)NCCNCCNCCN1,8,9.9,11.4,1.5
CCC(CO)(CO)N(CC(O)=O)CC(O)=O,7,9.04,8.51,0.53
CCC(N)C(O)=O,3,9.22,9.95,0.73
Nc1cccc(c1)C(O)=O,0,4.22,3.11,1.11
Nc1cccc(c1)C(O)=O,8,3.21,4.65,1.44
OCC(CO)N(CC(O)=O)CC(O)=O,5,9.28,8.58,0.7
OCC(CO)N(CC(O)=O)CC(O)=O,8,3.21,2.65,0.56
OCC(CO)O[P](O)(O)=O,7,5.15,1.33,3.82
OCC(CO)O[P](O)(O)=O,8,5.15,6.16,1.01
CCC(C(O)=O)C(O)=O,7,5.09,5.65,0.56
CCC(C)(C(O)=O)C(O)=O,8,5.76,6.41,0.65
O=C1CC(=O)NCCNCCCCCNCCN1,14,9.18,10.3,1.12
O=C1CC(=O)NCCNCCSCCNCCN1,8,8.94,7.23,1.71
O=C1CC(=O)NCCNCCSCCNCCN1,14,9.18,8.16,1.02
N[C@H]1CC=CC[C@H]1C(O)=O,0,8.97,10.2,1.23
N[C@H]1CCCC[C@H]1C(O)=O,0,9.38,10.54,1.16
N[C@H]1CCCC[C@H]1C(O)=O,8,4.03,3.49,0.54
N[C@H]1CCC[C@H]1C(O)=O,0,9.38,10.1,0.72
N[C@@H](Cc1ccccc1)C(=O)N[C@@H](Cc2ccccc2)C(O)=O,0,8.01,7.27,0.74
N[C@@H](Cc1ccccc1)C(O)=O,0,8.01,9.21,1.2
N[C@@H](Cc1ccccc1)C(O)=O,10,3.14,2.31,0.83
N[C@@H]1CC=CC[C@H]1C(O)=O,0,9.42,10.29,0.87
Nc1ccccc1O,0,4.22,4.78,0.56
Nc1ccccc1O,7,8.9,9.84,0.94
COc1ccc(NCC(O)=O)cc1,9,3.35,2.0,1.35
OCCNc1cc(C(O)=O)c(NCCO)cc1C(O)=O,18,4.64,6.74,2.1
Nc1cccc2cccc(C(O)=O)c12,11,3.07,1.7,1.37
COc1ccc(CCN)cc1O,8,9.12,10.38,1.26
COc1ccc(CCN)cc1O,11,8.16,9.23,1.07
Nc1ccccc1C(O)=O,0,4.22,4.84,0.62
Nc1ccccc1C(O)=O,8,3.26,2.1,1.16
OC(=O)C(=Cc1ccccc1)C(O)=O,0,3.18,2.11,1.07
OC(=O)C(=O)C(O)=O,0,3.18,1.82,1.36
CNCCSCCNC,1,9.55,8.94,0.61
CNCCSCCNC,7,10.65,9.91,0.74
CNCCc1ccccn1,9,5.35,4.02,1.33
CNCc1cccc(C)n1,1,9.55,8.94,0.61
CNCc1cccc(C)n1,9,5.14,2.92,2.22
OC(=O)C(CC=C)C(O)=O,0,3.18,2.63,0.55
COc1cc(CC(O)=O)ccc1O,7,3.28,4.31,1.03
COc1cc(CC(O)=O)ccc1O,12,9.18,9.76,0.58
COc1cc(CCC(O)=O)ccc1O,8,3.4,4.48,1.08
COc1cc(CCC(O)=O)ccc1O,13,9.25,9.87,0.62
OC(=O)C(Cc1ccccc1)C(O)=O,12,4.43,5.44,1.01
OC(=O)C(O)=O,0,3.18,1.35,1.83
OC(=O)C/C=C/C(O)=O,0,3.18,3.77,0.59
OC(=O)C/C=C/C(O)=O,7,4.37,5.08,0.71
OC(=O)/C=C/c1ccccn1,0,3.18,4.56,1.38
OC(=O)C#CC(O)=O,0,3.18,0.7,2.48
COC(=O)[C@@H](N)CS,5,7.46,8.93,1.47
COC(=O)[C@@H](N)CS,7,8.63,6.53,2.1
Nc1ccc(cc1C(O)=O)[S](O)(=O)=O,8,3.07,1.6,1.47
Nc1ccc(cc1N)C(O)=O,0,4.3,3.69,0.61
Nc1ccc(cc1N)C(O)=O,7,3.99,4.75,0.76
COc1cc(CCN)ccc1O,7,8.87,10.47,1.6
COCCCN(CC(O)=O)CC(O)=O,8,3.46,2.61,0.85
COCCN(CC(O)=O)CC(O)=O,4,9.6,9.05,0.55
COCCN(CC(O)=O)CC(O)=O,7,3.27,2.29,0.98
COCc1cc(C)c(CN)c(N)n1,11,4.73,5.41,0.68
COCc1cc(C)nc(N)c1CN,9,4.55,5.78,1.23
OC(=O)CC(O)=O,5,4.03,5.27,1.24
OC(=O)CC1(CCCC1)CC(O)=O,0,3.18,3.78,0.6
OC(=O)CC1(CCCC1)CC(O)=O,11,4.08,6.59,2.51
OC(=O)CCC(O)=O,0,3.18,4.11,0.93
OC(=O)CCCC(O)=O,0,3.18,4.22,1.04
OC(=O)CCCC(O)=O,7,4.23,5.01,0.78
OC(=O)CCCCC(O)=O,0,3.18,4.37,1.19
OC(=O)CCCCC(O)=O,8,4.33,5.06,0.73
OC(=O)CC(=C)C(O)=O,0,3.18,3.71,0.53
OC(=O)CC(=C)C(O)=O,7,4.45,5.24,0.79
OC(=O)C1(CCCCC1)C(O)=O,10,5.17,5.7,0.53
OC(=O)CC(=O)C(O)=O,0,3.18,2.3,0.88
CNCCSCCCN,1,9.55,10.26,0.71
O=C1CC(=O)NCCCNCCCNCCCN1,9,8.91,7.93,0.98
O=C1CC(=O)NCCCNCCCNCCCN1,13,10.22,9.58,0.64
COC(=O)C(N)CCCCN,5,7.84,7.04,0.8
COC(=O)C(N)CCCCN,10,9.13,10.07,0.94
OC(=O)C(CCC=C)C(O)=O,9,4.83,5.35,0.52
OC(=O)C(CCCC=C)C(O)=O,10,4.54,5.37,0.83
COC(=O)C(N)Cc1ccc(O)cc1,5,7.84,7.09,0.75
CNc1cc(nc(c1)C(O)=O)C(O)=O,9,3.12,1.3,1.82
COC(=O)C(Cc1ccccc1)NC(=O)C(N)CC(O)=O,16,8.05,7.38,0.67
COC(=O)C(Cc1ccccc1)NC(=O)C(N)CC(O)=O,19,4.02,2.98,1.04
OC(=O)CN(CC(O)=O)CC(=O)Nc1ccccc1,0,3.18,2.07,1.11
OC(=O)CN(CC(O)=O)CC(=O)Nc1ccccc1,7,3.68,6.1,2.42
OC(=O)CN(CC(O)=O)CC(=O)c1sccc1,0,3.18,2.0,1.18
OC(=O)CN(CC(O)=O)CC(=O)c1sccc1,4,8.63,7.46,1.17
OC(=O)CN(CC(O)=O)Cc1occc1,0,3.18,2.17,1.01
OC(=O)CN(CC(O)=O)c1ccc(cc1)[S](O)(=O)=O,0,3.18,2.31,0.87
OC(=O)CN(CC(O)=O)c1ccc(cc1)[S](O)(=O)=O,7,3.97,4.54,0.57
CNCCCNC,5,11.38,10.87,0.51
OC1=C(O)C(=O)C(=O)C(=O)C1=O,0,7.2,3.45,3.75
OC1=C(O)C(=O)C(=O)C(=O)C1=O,3,7.89,3.58,4.31
CCCC(C(O)=O)C(O)=O,8,4.85,5.65,0.8
OC(=O)CCc1c[nH]cn1,0,3.18,3.83,0.65
OC(=O)CCCCCC(O)=O,0,3.18,4.4,1.22
OC(=O)CCCCCC(O)=O,9,4.24,5.1,0.86
OC(=O)CCc1ccc(O)cc1,0,3.18,4.39,1.21
OC(=O)CCc1ccc(O)cc1,9,9.39,10.03,0.64
OC(=O)CCc1cccc(O)c1,0,3.18,4.4,1.22
OC(=O)CCc1cccc(O)c1,10,8.5,9.91,1.41
OC(=O)CCc1ccccn1,0,3.18,5.97,2.79
OC(=O)CCc1ccccn1,10,5.12,3.67,1.45
OC(=O)CCc1cccnc1,0,3.18,5.86,2.68
OC(=O)CCc1cccnc1,9,5.51,3.82,1.69
OC(=O)CCc1ccncc1,0,3.18,6.06,2.88
OC(=O)CCc1ccncc1,8,5.08,3.72,1.36
OC(=O)CCSCC(O)=O,8,3.77,4.43,0.66
OC(=O)CCCSSCCCC(O)=O,0,3.18,4.79,1.61
OC(=O)CCCSSCCCC(O)=O,12,4.45,5.46,1.01
OC(=O)CCS,0,3.18,4.3,1.12
OC(=O)CCS,5,8.99,10.51,1.52
OC(=O)CCSCCC(O)=O,0,3.18,4.03,0.85
OC(=O)CCSCCC(O)=O,9,4.19,4.74,0.55
OC(=O)CCSCSCCC(O)=O,0,3.18,3.9,0.72
OC(=O)CCSCSCCC(O)=O,11,4.02,4.7,0.68
OC(=O)CCSSCCC(O)=O,0,3.18,4.11,0.93
OC(=O)CC[Se]CCC(O)=O,0,3.18,4.07,0.89
OC(=O)CC[Se]CCC(O)=O,9,4.16,4.93,0.77
OC(=O)CC[Te]CCC(O)=O,0,3.18,3.92,0.74
OC(=O)C(C(O)=O)c1ccccc1,0,3.18,2.35,0.83
OC(=O)C(C(O)=O)c1ccccc1,5,3.38,5.21,1.83
O=C1NCCNCCNCCNCCNC(=O)C1CCc2ccccn2,5,9.84,8.63,1.21
O=C1NCCNCCNCCNCCNC(=O)C1CCc2ccccn2,8,9.32,10.16,0.84
O=C1NCCNCCNCCNCCNC(=O)C1Cc2cccc3ccccc23,5,9.84,7.7,2.14
OC(=O)CCCCCCC(O)=O,0,3.18,4.42,1.24
OC(=O)CCCCCCC(O)=O,10,3.86,5.11,1.25
OC(=O)CCCCCCCC(O)=O,0,3.18,4.44,1.26
OC(=O)CCCCCCCC(O)=O,11,3.68,5.13,1.45
OC(=O)CCCSCCCC(O)=O,0,3.18,4.33,1.15
OC(=O)CCCSCCCC(O)=O,11,3.83,5.01,1.18
OC(=O)CN(CC(O)=O)c1cccc(c1)[S](O)(=O)=O,0,3.18,2.36,0.82
OC(=O)CN(CC(O)=O)c1cccc(c1)[S](O)(=O)=O,7,3.97,4.79,0.82
OC(=O)CN(CC(O)=O)c1ccccc1,0,3.18,2.4,0.78
OC(=O)CN(CC(O)=O)c1ccccc1,7,3.97,5.01,1.04
OC(=O)CNC(S)=S,0,3.18,3.75,0.57
OC(=O)CN(CC(O)=O)c1ccccc1[S](O)(=O)=O,7,3.97,6.29,2.32
OC(=O)CN(CC1CCCCO1)CC(O)=O,0,3.18,1.9,1.28
CCCCCC(C(O)=O)C(O)=O,7,3.63,2.8,0.83
CCCCCC(C(O)=O)C(O)=O,10,3.65,5.54,1.89
OCC(S)CS,5,8.68,10.65,1.97
OCC1=CC(=O)C(=C(CN2CCCCC2)O1)O,16,8.76,6.42,2.34
OCC1=CC(=O)C(=C(CN2CCOCC2)O1)O,9,9.15,7.88,1.27
OCC1=CC(=O)C(=C(CN2CCOCC2)O1)O,16,8.76,5.14,3.62
OC(=O)CN(CCN[S](=O)(=O)c1ccc(CCBr)cc1)CC(O)=O,0,3.18,2.15,1.03
OC(=O)CN(CCN[S](=O)(=O)c1ccccc1)CC(O)=O,0,3.18,2.1,1.08
CCCCC(C(O)=O)C(O)=O,6,3.4,2.87,0.53
CCCCC(C(O)=O)C(O)=O,9,4.06,5.55,1.49
OC(=O)c1cccc(O)c1,0,3.18,4.01,0.83
OC(=O)c1cccc(O)c1,8,8.76,9.76,1.0
CCCCNCCNCCCC,4,9.65,7.31,2.34
CCCC(CC(O)=O)CC(O)=O,6,3.44,4.31,0.87
CCCC(CC(O)=O)CC(O)=O,10,5.36,6.39,1.03
OC1=C(O)C(=O)C(=O)C1=O,0,6.66,0.57,6.09
OC1=C(O)C(=O)C(=O)C1=O,3,8.01,1.85,6.16
OC1=C(O)C(=O)C1=O,0,7.06,0.65,6.41
OC1=C(O)C(=O)C1=O,3,7.89,3.06,4.83
CCCCCCN1C=CC(=O)C(=C1C)O,6,6.88,3.59,3.29
CCCCCCN1C=CC(=O)C(=C1C)O,14,7.46,9.92,2.46
OC1=C(C(=O)C(=C(C1=O)[S](O)(=O)=O)O)[S](O)(=O)=O,15,3.2,3.81,0.61
OC(=O)CS,4,8.63,10.17,1.54
OC(=O)c1cc(Nc2ccccc2)cc(n1)C(O)=O,0,3.18,1.4,1.78
OC(=O)c1cc(cc(Br)c1O)[S](O)(=O)=O,0,3.18,2.02,1.16
OC(=O)c1cc(cc(Br)c1O)[S](O)(=O)=O,10,7.82,10.5,2.68
OC(=O)c1ccccc1C(O)=O,10,4.0,5.05,1.05
CCC[C@H](N)C(=O)NO,4,8.54,7.34,1.2
CCC[C@H](N)C(O)=O,4,8.54,9.78,1.24
CCCC[C@H](N)C(O)=O,5,8.81,9.81,1.0
CCCC[C@H](N)C(O)=O,7,2.91,2.33,0.58
CCCNCCNCCC,3,9.57,7.38,2.19
CCCCO[P]([O-])(=O)O[P](O)(O)=O,10,4.06,1.3,2.76
CCCCO[P]([O-])(=O)O[P](O)(O)=O,11,4.06,6.65,2.59
OC(=O)CNc1ccc(cc1)[S](O)(=O)=O,0,3.18,1.8,1.38
OC(=O)c1cccc(n1)C(O)=O,0,3.18,2.11,1.07
OC(=O)c1cccc(Br)c1C(O)=O,0,3.18,2.37,0.81
OC(=O)c1cccc(Br)c1C(O)=O,11,3.72,4.35,0.63
CCCC[C@H](N)C(=O)NO,5,8.81,7.33,1.48
OC(=O)c1ccccn1,0,3.18,1.19,1.99
OC(=O)c1ccccn1,8,4.44,5.45,1.01
OC(=O)c1cccnc1C(O)=O,0,3.18,2.37,0.81
CN1CCC(S)CC1,1,9.69,10.35,0.66
CN(CC(=O)NCC(O)=O)C(=O)CNC(=O)CN,17,8.64,7.97,0.67
CN(C)c1cc(nc(c1)C(O)=O)C(O)=O,10,3.35,1.5,1.85
CCc1ccc(NC(=O)CN(CC(O)=O)CC(O)=O)c(CC)c1,13,3.21,2.14,1.07
CCc1ccc(NC(=O)CN(CC(O)=O)CC(O)=O)c(CC)c1,17,4.36,5.77,1.41
OC(=O)Cc1ccc(O)cc1,0,3.18,4.25,1.07
OC(=O)Cc1ccc(O)cc1,8,8.19,9.88,1.69
CN(CC(O)=O)C(=O)CNC(=O)CN,13,8.96,7.98,0.98
CN1CCNCCN(C)CCNCC1,4,10.42,9.41,1.01
CN1CCNCCN(C)CCNCC1,11,10.09,10.76,0.67
CNCCNC,1,9.55,7.31,2.24
CNCCNC,4,11.54,10.27,1.27
CNCCSCCCCN,1,9.55,10.51,0.96
CNC(=O)[C@H](Cc1ccc(O)cc1)NC(=O)CNC(=O)CN,21,9.05,7.94,1.11
CNCC(=C)CNC,1,9.55,8.39,1.16
CNCC(=C)CNC,6,11.98,10.42,1.56
CNCC(=O)NCC(=O)NCC(=O)NCC(O)=O,1,9.55,8.39,1.16
CNCC(=O)NCC(O)=O,1,9.55,8.44,1.11
CNC(=O)[C@H](CCSC)NC(=O)[C@H](Cc1ccccc1)NC(=O)CNC(=O)CNC(=O)[C@@H](N)Cc2ccc(O)cc2,38,8.24,9.78,1.54
CN1CCN2CCNCCN(CC1)CCN(C)CC2,1,9.84,12.5,2.66
CC[C@H](C)[C@@H](N)C(O)=O,5,8.7,9.62,0.92
CC[C@H](C)[C@@H](N)C(O)=O,7,2.74,2.2,0.54
OC(=O)c1ccc(O)cc1,0,3.18,4.53,1.35
CC[C@H](C)[C@H](N)C(=O)NO,5,8.27,7.25,1.02
CC[C@H](C)[C@H](N)C(O)=O,5,8.27,9.71,1.44
CC[C@H](C)[C@H](NC(=O)[C@@H](N)CC(C)C)C(O)=O,9,8.42,7.78,0.64
OC(=O)C[S](=O)(=O)CC(O)=O,0,3.18,1.8,1.38
OC(=O)\C=C/C(O)=O,0,3.18,1.74,1.44
OC(=O)Cc1cccnc1,0,3.18,5.54,2.36
OC(=O)Cc1cccnc1,8,3.94,3.06,0.88
OC(=O)Cc1ccncc1,0,3.18,5.79,2.61
OC(=O)Cc1ccncc1,7,4.96,3.0,1.96
OC(=O)c1c(O)cccc1[N+]([O-])=O,0,3.18,2.11,1.07
CN1CCN(C)CCN(C)CC(C)(C)CN(C)CC1,1,9.57,7.95,1.62
CN1CCN(C)CCN(C)CCN(C)CC1,1,9.59,8.95,0.64
CN1CCN2CCCSCCCN(CC1)CCN(C)CC2,1,9.84,8.78,1.06
CN1C=CC(=O)C(=C1C)O,9,7.97,9.87,1.9
OC(=O)[C@H](Cc1ccc(O)cc1)NC(=O)[C@@H]2CCC(=O)N2,9,9.17,10.25,1.08
OC(=O)c1cccc(c1)C(O)=O,10,3.79,4.35,0.56
OC(=O)c1cccc(c1C(O)=O)[N+]([O-])=O,0,3.18,2.11,1.07
OC(=O)c1cccc(c1O)[N+]([O-])=O,0,3.18,1.79,1.39
OC(=O)c1cccc(c1O)[N+]([O-])=O,9,8.26,10.02,1.76
CCN1C=CC(=O)C(=C1C)O,2,6.45,3.64,2.81
CCN1C=CC(=O)C(=C1C)O,10,8.9,9.81,0.91
CCN1C=CC(=O)C(=C1CC)O,2,6.45,3.81,2.64
CCN1C=CC(=O)C(=C1CC)O,11,8.15,9.93,1.78
CCNCCNCC,2,9.17,7.51,1.66
CCNCCNCC,5,9.74,10.39,0.65
OC(=O)Cc1cccc(O)c1,0,3.18,4.17,0.99
OC(=O)Cc1ccccn1,9,5.14,5.78,0.64
CCOC(=O)NCCN(CC(O)=O)CC(O)=O,11,4.17,2.2,1.97
CCOC(=O)[C@@H](N)CS,6,7.84,8.94,1.1
CCOC(=O)[C@@H](N)CS,8,8.0,6.47,1.53
OC(=O)c1ccc(nc1)C(O)=O,0,3.18,2.3,0.88
OC(=O)c1ccc2ccccc2n1,0,3.18,2.04,1.14
OC(=O)c1ccc(Br)cc1C(O)=O,0,3.18,2.5,0.68
OC(=O)c1ccc(Br)cc1C(O)=O,11,3.74,4.6,0.86
CCOC(=O)[C@@H](N)Cc1ccc(O)cc1,6,7.84,7.29,0.55
OC(=O)c1cc(ccc1O)[N+]([O-])=O,0,3.18,1.99,1.19
OC(=O)c1cc(ccc1O)[N+]([O-])=O,9,8.15,9.95,1.8
OC(=O)c1ccc(cc1)C(O)=O,10,3.43,4.32,0.89
OC(=O)c1ccc(cc1C(O)=O)[N+]([O-])=O,0,3.18,2.02,1.16
OC(=O)c1ccc(cc1C(O)=O)[N+]([O-])=O,10,3.7,4.28,0.58
C[C@](N)(CCC(O)=O)C(O)=O,2,7.93,9.72,1.79
C[C@](N)(CCC(O)=O)C(O)=O,6,3.55,4.05,0.5
C[C@H](NC(=O)[C@H](C)NC(=O)CN)C(O)=O,11,8.86,7.99,0.87
C[C@H](NC(=O)[C@H](C)NC(=O)[C@H](C)NC(=O)[C@@H]1CCCN1)C(O)=O,19,9.02,8.37,0.65
Cn1cncc1CC(NC(=O)CCN)C(O)=O,13,8.83,7.03,1.8
C[S](=O)(=O)NCc1ccccn1,11,4.82,4.3,0.52
C[C@H](N[S](=O)(=O)c1ccc(C)cc1)C(O)=O,14,4.57,3.39,1.18
NC(=O)CCN(CC(O)=O)CC(O)=O,5,9.85,8.49,1.36
NC(=O)CCN(CC(O)=O)CC(O)=O,8,3.69,2.44,1.25
CC(C)(C(O)=O)C(=O)C(O)=O,4,3.02,1.8,1.22
CC(C)(C(O)=O)C(=O)C(O)=O,9,3.9,4.62,0.72
CC(=O)N[C@@H](C(O)=O)C(C)(C)S,11,7.93,9.97,2.04
CC(C)(C(O)=O)C(O)=O,7,5.04,5.68,0.64
Cc1ncc(CO)c(C=O)c1O,2,5.61,4.06,1.55
Cc1ncc(CO)c(C=O)c1O,11,8.96,8.4,0.56
Cc1ncc(CO)c(CO)c1O,2,5.61,4.83,0.78
Cc1cccc(n1)C(O)=O,6,5.3,5.91,0.61
Cc1cccc(n1)C(O)=O,8,3.21,1.2,2.01
C1CNCCNCCC(NCCNC1)c2ccccc2,2,9.18,10.06,0.88
C1CNCCNCCC(NCCNC1)c2ccccc2,5,9.68,10.7,1.02
C[C@H](NC(=O)[C@H](C)NC(=O)[C@H](C)NC(=O)[C@@H](N)CCC(O)=O)C(O)=O,23,3.31,4.08,0.77
C[C@H](NC(=O)[C@@H](N)CCC(O)=O)C(O)=O,10,2.55,1.2,1.35
C[C@H](NC(=O)[C@@H](N)CCC(O)=O)C(O)=O,13,3.59,4.16,0.57
C[C@H](NC(=O)[C@@H](N)CCCCN)C(O)=O,11,9.76,10.59,0.83
C1CCNCCNCCNCCNCCNC1,3,9.28,7.85,1.43
C1CCNCCNCCNCCNCCNCC1,3,9.28,8.43,0.85
CN(CCN1CCNCC1)CCN2CCNCC2,1,10.37,9.12,1.25
CN(CCN1CCNCC1)CCN2CCNCC2,7,9.12,7.38,1.74
CN(CCN1CCNCC1)CCN2CCNCC2,15,10.04,8.65,1.39
OC(=O)C\C(=C/C(O)=O)C(O)=O,0,3.18,2.62,0.56
OC(=O)C\C(=C/C(O)=O)C(O)=O,10,4.78,5.71,0.93
OC(=O)CNC(=O)CNC(=O)CNC(=O)CN(CC(O)=O)CC(O)=O,0,3.18,2.22,0.96
OC(=O)CNC(=O)CNC(=O)CNC(=O)CN(CC(O)=O)CC(O)=O,23,4.01,6.34,2.33
OC(=O)CN(CC(O)=O)c1ccc(cc1)C(O)=O,0,3.18,2.31,0.87
OC(=O)CN(CC(O)=O)c1ccc(cc1)C(O)=O,16,4.28,5.2,0.92
OC(=O)CN(CCS)CC(O)=O,0,3.18,2.14,1.04
OC(=O)CN(CCS)CC(O)=O,4,8.62,10.79,2.17
OC(=O)CN(CC(O)=O)c1cccc(c1)C(O)=O,0,3.18,2.4,0.78
OC(=O)CN(CC(O)=O)c1cccc(c1)C(O)=O,16,4.52,5.1,0.58
C[C@H](N)C(=O)N[C@@H](C)C(=O)N[C@@H](CS)C(O)=O,2,8.19,9.73,1.54
NCC(=O)NCC(=O)N[C@@H](CS)C(O)=O,0,8.72,9.48,0.76
NC(C(O)=O)C(O)=O,0,8.53,9.53,1.0
NC(C(O)=O)C(O)=O,3,3.06,1.8,1.26
NC(C(O)=O)C(O)=O,6,4.22,3.13,1.09
NC1(CCCC1)[P](O)(O)=O,0,9.29,10.17,0.88
C[C@H](N)C(=O)N[C@@H](CCCCN)C(=O)N[C@H](C)C(O)=O,11,9.82,10.38,0.56
NC(Cc1ccccc1O)C(O)=O,0,8.61,10.91,2.3
NC(Cc1ccccc1O)C(O)=O,9,9.07,8.54,0.53
NC(Cc1ccccc1O)C(O)=O,11,3.36,2.41,0.95
CC(C)(N)[P](O)(O)=O,3,8.41,10.3,1.89
CC(C)(N)[P](O)(O)=O,5,3.15,0.6,2.55
CC(C)(N)[P](O)(O)=O,6,3.15,5.82,2.67
C[C@H](N)C(=O)N[C@@H](CCCCN)C(=O)N[C@@H](C)C(=O)N[C@@H](C)C(O)=O,11,9.82,10.47,0.65
C[C@H](N)C(=O)N[C@@H](CCCCN)C(=O)N[C@@H](C)C(O)=O,2,8.19,7.54,0.65
C[C@H](NC(=O)[C@@H](N)Cc1ccc(O)cc1)C(O)=O,12,9.27,9.98,0.71
OC(=O)CN(CC(O)=O)c1ccccc1C(O)=O,0,3.18,2.27,0.91
OC(=O)CN(CC(O)=O)c1ccccc1C(O)=O,7,3.97,2.99,0.98
OC(=O)CN(CC(O)=O)c1ccccc1O,7,3.97,5.43,1.46
OC(=O)CN(CC(O)=O)c1ccccc1S,15,7.14,6.3,0.84
OC(=O)CN(CC(O)=O)c1ccc(O)cc1,0,3.18,2.22,0.96
OC(=O)CN(CC(O)=O)c1ccc(O)cc1,7,3.97,5.19,1.22
OC(=O)CN(CC(O)=O)c1ccc(c2cc(cc(O)c12)[S](O)(=O)=O)[S](O)(=O)=O,0,3.18,2.58,0.6
OC(=O)CN(CC(O)=O)c1ccc(c2cc(cc(O)c12)[S](O)(=O)=O)[S](O)(=O)=O,18,8.25,9.48,1.23
OC(=O)c1cccc(C(O)=O)c1C(O)=O,0,3.18,2.64,0.54
OC(=O)c1cccc(C(O)=O)c1C(O)=O,13,4.0,5.47,1.47
OC(=O)CN(CC(O)=O)c1c(O)cc(c2ccccc12)[S](O)(=O)=O,0,3.18,2.16,1.02
OC(=O)CN(CC(O)=O)c1c(O)cc(c2ccccc12)[S](O)(=O)=O,7,3.97,3.38,0.59
OC(=O)CN(CC(O)=O)c1cccc(O)c1,0,3.18,2.54,0.64
OC(=O)CN(CC(O)=O)c1cccc(O)c1,7,3.97,4.93,0.96
CNCCCNCCCN,5,9.89,10.68,0.79
CNCCCNCCCN,9,9.24,7.03,2.21
OC(=O)CN(CC(O)=O)C1C(=O)NC(=O)NC1=O,0,3.18,1.83,1.35
OC(=O)CN(CC(O)=O)C1C(=O)NC(=O)NC1=O,4,8.8,9.86,1.06
OC(=O)CN(CC(O)=O)C1C(=O)NC(=O)NC1=O,7,3.68,2.84,0.84
OC(=O)CN(CC(O)=O)CC(=O)c1ccccc1,0,3.18,1.1,2.08
OC(=O)CN(CC(O)=O)CC(=O)c1ccccc1,4,8.63,7.9,0.73
OC(=O)CN(CC(O)=O)CC(=O)c1ccccc1,7,3.68,1.8,1.88
OC(=O)CN(CC(O)=O)Cc1ccccn1,7,3.68,2.72,0.96
OC(=O)CNC(=O)CN(CC(O)=O)CC(O)=O,0,3.18,2.11,1.07
OC(=O)CNC(=O)CN(CC(O)=O)CC(O)=O,15,3.45,6.92,3.47
OC(=O)CNC(=O)CNC(=O)CN(CC(O)=O)CC(O)=O,0,3.18,2.14,1.04
OC(=O)CNC(=O)CNC(=O)CN(CC(O)=O)CC(O)=O,19,3.64,6.56,2.92
OC(=O)CC(S)C(O)=O,5,8.2,10.13,1.93
OC(=O)CC(CC(O)=O)C(O)=O,7,3.71,4.48,0.77
OC(=O)CC(CC(O)=O)C(O)=O,10,4.29,5.66,1.37
OC(=O)CC(CC(O)=O)CC(O)=O,11,3.53,4.81,1.28
OC(=O)CC(O)(CC(O)=O)C(O)=O,8,3.45,4.25,0.8
OC(=O)CC(O)(CC(O)=O)C(O)=O,11,4.67,5.49,0.82
OC(C(CC(O)=O)C(O)=O)C(O)=O,5,3.68,2.67,1.01
OC(C(CC(O)=O)C(O)=O)C(O)=O,8,5.29,4.01,1.28
OC(C(CC(O)=O)C(O)=O)C(O)=O,11,3.45,5.51,2.06
N[C@@H](Cc1ccc(O)cc1)C(=O)N2CCC[C@H]2C(=O)NCC(=O)NCC(O)=O,7,9.23,9.76,0.53
N[C@@H](Cc1ccc(O)cc1)C(=O)N2CCC[C@H]2C(=O)NCC(=O)NCC(O)=O,26,4.28,3.29,0.99
CSCC[C@H](NC(=O)[C@H](Cc1ccccc1)NC(=O)CNC(=O)CNC(=O)[C@@H](N)Cc2ccc(O)cc2)C(O)=O,28,6.68,7.44,0.76
CSCC[C@H](NC(=O)[C@H](Cc1ccccc1)NC(=O)CNC(=O)CNC(=O)[C@@H](N)Cc2ccc(O)cc2)C(O)=O,34,9.28,9.82,0.54
NCC(=O)N1CCC[C@H]1C(=O)N[C@@H](Cc2ccc(O)cc2)C(=O)NCC(O)=O,0,8.72,10.27,1.55
NCC(=O)N1CCC[C@H]1C(=O)N[C@@H](Cc2ccc(O)cc2)C(=O)NCC(O)=O,18,9.26,8.51,0.75
NCC(=O)N1CCC[C@H]1C(=O)NCC(=O)N2CCC[C@H]2C(=O)N[C@@H](CCC(O)=O)C(O)=O,27,3.04,2.46,0.58
NCC(=O)N1CCC[C@H]1C(=O)NCC(=O)N2CCC[C@H]2C(=O)N[C@@H](CCC(O)=O)C(O)=O,30,3.73,4.4,0.67
NCC(=O)N[C@@H](Cc1ccc(O)cc1)C(=O)NCC(O)=O,0,8.72,7.92,0.8
NCC(=O)N[C@@H](Cc1ccc(O)cc1)C(=O)NCC(O)=O,11,8.11,9.78,1.67
NCC(=O)N[C@@H](Cc1ccc(O)cc1)C(O)=O,0,8.72,9.98,1.26
NCC(=O)N[C@@H](Cc1ccc(O)cc1)C(O)=O,15,3.64,3.02,0.62
CC(C)C[C@H](NC(=O)CN)C(=O)N[C@@H](Cc1ccc(O)cc1)C(O)=O,9,9.58,10.3,0.72
CC(C)C[C@H](NC(=O)CN)C(=O)N[C@@H](Cc1ccc(O)cc1)C(O)=O,19,7.09,8.07,0.98
CC(C)C[C@H](N)C(=O)N[C@@H](Cc1ccc(O)cc1)C(O)=O,15,8.89,10.13,1.24
CC(C)C[C@@H](N)C(=O)N[C@@H](Cc1ccc(O)cc1)C(O)=O,5,8.13,10.36,2.23
CC(C)C[C@@H](N)C(=O)N[C@@H](Cc1ccc(O)cc1)C(O)=O,15,8.89,8.34,0.55
CC(C)C[C@@H](NC(=O)[C@@H](N)Cc1ccc(O)cc1)C(O)=O,15,9.59,10.38,0.79
CC(C)C[C@@H](NC(=O)[C@@H](N)Cc1ccc(O)cc1)C(O)=O,19,3.65,3.02,0.63
C[C@H](N)C(=O)N[C@@H](CC(O)=O)C(=O)N[C@@H](C)C(=O)N[C@@H](C)C(O)=O,22,3.35,3.85,0.5
NCC(=O)N[C@@H](CS)C(O)=O,0,8.72,9.48,0.76
NCC(=O)N[C@@H](CS)C(O)=O,7,8.72,8.04,0.68
C[C@H](N)C(=O)N[C@@H](C)C(=O)N[C@@H](CC(O)=O)C(=O)N[C@@H](C)C(O)=O,22,3.25,4.22,0.97
C[C@H](N)C(=O)N[C@@H](CS)C(O)=O,2,8.19,9.52,1.33
C[C@H](N)C(=O)N[C@@H](CC(O)=O)C(=O)N[C@@H](CO)C(=O)NCC(O)=O,22,3.28,4.02,0.74
C[C@H](N)C(=O)N[C@@H](CCC(O)=O)C(=O)N[C@@H](C)C(=O)N[C@@H](C)C(O)=O,23,3.33,4.07,0.74
C[C@H](N)C(=O)N[C@@H](CCCCN)C(=O)N[C@@H](C)C(=O)N[C@@H](C)C(=O)N[C@@H](C)C(O)=O,2,8.19,7.64,0.55
C[C@H](N)C(=O)N[C@@H](CCCCN)C(=O)N[C@@H](C)C(=O)N[C@@H](C)C(=O)N[C@@H](C)C(O)=O,28,2.89,3.42,0.53
C[C@H](N)C(=O)N[C@@H](C)C(=O)N[C@@H](C)C(=O)N[C@@H](CC(O)=O)C(O)=O,22,3.38,4.01,0.63
C[C@H](N)C(=O)N[C@@H](C)C(=O)N[C@@H](CCC(O)=O)C(=O)N[C@@H](C)C(O)=O,23,3.64,4.23,0.59
CC([C@H](N)C(O)=O)C(O)=O,3,8.54,9.48,0.94
CC([C@H](N)C(O)=O)C(O)=O,5,2.57,1.99,0.58
N[C@@H](Cc1ccc(O)cc1)C(=O)N[C@@H](Cc2ccccc2)C(O)=O,0,8.04,7.36,0.68
N[C@@H](Cc1ccc(O)cc1)C(=O)N[C@@H](Cc2ccccc2)C(O)=O,7,9.23,10.09,0.86
N[C@@H](CC(O)=O)C(O)=O,0,8.6,9.71,1.11
N[C@@H](CC(O)=O)C(O)=O,4,3.04,2.05,0.99
N[C@@H](Cc1ccc(O)cc1)C(O)=O,0,8.04,10.17,2.13
N[C@@H](Cc1ccc(O)cc1)C(O)=O,11,3.17,2.53,0.64
N[C@@H](Cc1ccc(O)cc1)C(=O)N2CCC[C@H]2C(=O)N[C@@H](Cc3ccccc3)C(O)=O,0,8.04,7.47,0.57
N[C@@H](Cc1ccc(O)cc1)C(=O)N2CCC[C@H]2C(=O)N[C@@H](Cc3ccccc3)C(O)=O,7,9.23,9.79,0.56
N[C@@H](Cc1ccc(O)cc1)C(=O)N2CCC[C@H]2C(O)=O,7,9.23,9.91,0.68
N[C@@H](Cc1ccccc1)C(=O)N[C@@H](CS)C(O)=O,0,8.01,9.61,1.6
N[C@@H](Cc1ccccc1)C(=O)N[C@@H](CS)C(O)=O,14,8.21,7.25,0.96
N[C@@H](Cc1ccccc1)C(=O)N[C@@H](Cc2ccc(O)cc2)C(O)=O,0,8.01,7.23,0.78
N[C@@H](Cc1ccccc1)C(=O)N[C@@H](Cc2ccc(O)cc2)C(O)=O,18,9.18,9.99,0.81
N[C@@H](Cc1ccc(O)cc1)C(=O)N[C@@H](CCCNC(N)=N)C(O)=O,0,8.04,7.24,0.8
N[C@@H](Cc1ccc(O)cc1)C(=O)N[C@@H](CCCNC(N)=N)C(O)=O,7,9.23,9.82,0.59
N[C@@H](Cc1ccc(O)cc1)C(=O)N[C@H](CCCNC(N)=N)C(O)=O,7,9.23,9.82,0.59
N[C@@H](Cc1ccc(O)cc1)C(=O)N[C@H](Cc2ccccc2)C(O)=O,7,9.23,9.99,0.76
N[C@@H](Cc1ccc(O)cc1)C(=O)N2CCC[C@H]2C(=O)N[C@@H](Cc3ccccc3)C(=O)N4CCC[C@H]4C(=O)NCC(O)=O,0,8.04,7.42,0.62
N[C@@H](Cc1ccc(O)cc1)C(=O)N2CCC[C@H]2C(=O)N[C@@H](Cc3ccccc3)C(=O)N4CCC[C@H]4C(=O)NCC(O)=O,7,9.23,9.81,0.58
N[C@@H](Cc1ccc(O)cc1)C(=O)NCC(=O)NCC(O)=O,0,8.04,7.37,0.67
N[C@@H](Cc1ccc(O)cc1)C(=O)NCC(=O)NCC(O)=O,7,9.23,10.09,0.86
N[C@@H](Cc1ccc(O)cc1)C(=O)NCC(O)=O,7,9.23,9.92,0.69
N[C@@H](Cc1ccc(O)cc1)C(=O)NO,0,8.04,8.92,0.88
N[C@@H](Cc1ccc(O)cc1)C(=O)NO,7,9.23,6.96,2.27
N[C@@H](Cc1ccc(O)cc1)C(=O)NO,13,9.2,9.93,0.73
N[C@@H](CS)C(=O)NCC(O)=O,0,8.54,9.3,0.76
N[C@@H](CS)C(=O)NCC(O)=O,3,8.52,6.91,1.61
N[C@@H](CO)C(=O)N[C@@H](CCC(O)=O)C(O)=O,0,8.51,7.42,1.09
N[C@@H](CO)C(=O)N[C@@H](CCC(O)=O)C(O)=O,14,3.19,4.34,1.15
NCCc1cccc(CCN)n1,10,9.13,10.34,1.21
NCCc1cccc(CCN)n1,11,5.32,3.43,1.89
N[C@@H](CCC(O)=O)C(=O)NCC(O)=O,0,8.46,7.96,0.5
N[C@@H](CCC(O)=O)C(=O)NCC(O)=O,12,3.08,4.12,1.04
N[C@@H](CCC(O)=O)C(O)=O,0,8.46,9.61,1.15
N[C@@H](CCC(O)=O)C(O)=O,5,3.46,2.26,1.2
N[C@@H](CC(O)=O)C(=O)NCC(O)=O,0,8.6,8.03,0.57
N[C@@H](CCC(O)=O)C(=O)N1CCC[C@H]1C(=O)N2CCC[C@H]2C(=O)NCC(=O)NCC(O)=O,30,3.41,4.2,0.79
OCCN(CCO)c1cc(C(O)=O)c(cc1C(O)=O)N(CCO)CCO,11,3.47,1.9,1.57
OCCN(CCO)c1cc(C(O)=O)c(cc1C(O)=O)N(CCO)CCO,17,4.39,4.96,0.57
N[C@@H](C(O)CC(O)=O)C(O)=O,0,8.54,9.06,0.52
N[C@@H](C(O)CC(O)=O)C(O)=O,6,2.7,2.09,0.61
N[C@@H](C(O)CC(O)=O)C(O)=O,9,2.99,4.08,1.09
C[C@@H](O[P](O)(O)=O)[C@H](N)C(O)=O,10,3.05,2.25,0.8
C[C@@H](NC(=O)[C@@H](N)CCCCN)C(O)=O,11,9.76,10.52,0.76
C[C@@H](NC(=O)[C@@H](N)CCCCN)C(O)=O,13,3.5,2.89,0.61
C[C@@H](NC(=O)[C@@H](N)Cc1ccc(O)cc1)C(O)=O,12,9.27,9.79,0.52
NCCC[P](O)(O)=O,0,9.37,11.04,1.67
CC(C)[C@H](N)C(=O)N[C@@H](CCCCN)C(O)=O,4,8.2,7.47,0.73
CC(C)[C@H](N)C(=O)N[C@@H](CCCCN)C(O)=O,13,9.15,10.0,0.85
CC(C)C[C@H](NC(=O)[C@@H](N)C(C)C)C(=O)N[C@@H](CO)C(=O)N[C@@H](CCC(O)=O)C(=O)NCC(O)=O,33,2.94,4.49,1.55
CC(C)C[C@H](NC(=O)[C@@H](N)Cc1ccc(O)cc1)C(O)=O,15,9.59,10.11,0.52
O[P](O)(=O)C1(CCC(=O)N1)[P](O)(O)=O,0,3.92,2.25,1.67
O[P](O)(=O)C1(CCC(=O)N1)[P](O)(O)=O,2,3.92,6.75,2.83
O[P](O)(=O)C1(CCC(=O)N1)[P](O)(O)=O,11,6.11,10.69,4.58
O[P](O)(=O)C1CCCCN1,0,3.92,2.0,1.92
O[P](O)(=O)C1CCCCN1,2,3.92,5.74,1.82
O[P](O)(=O)C1CCCCN1,9,9.28,11.31,2.03
NCCCC[C@H](NC(=O)[C@@H]1CCCN1C(=O)[C@@H](N)CCCNC(N)=N)C(=O)N2CCC[C@H]2C(=O)N[C@@H](CCC(N)=O)C(O)=O,0,9.37,7.27,2.1
NCCCC[C@H](NC(=O)[C@@H]1CCCN1C(=O)[C@@H](N)CCCNC(N)=N)C(=O)N2CCC[C@H]2C(=O)N[C@@H](CCC(N)=O)C(O)=O,17,8.93,9.85,0.92
NCCCC[C@H](NC(=O)[C@@H](N)CO)C(O)=O,0,9.37,7.16,2.21
NCCCC[C@H](NC(=O)[C@@H](N)CO)C(O)=O,10,9.65,10.49,0.84
NCCCC[C@H](NC(=O)[C@@H](N)CO)C(O)=O,14,3.48,2.92,0.56
NCCCC[C@H](NC(=O)[C@@H]1CCCN1C(=O)CNC(=O)CN)C(O)=O,0,9.37,8.03,1.34
NCCCC[C@H](NC(=O)CN)C(O)=O,0,9.37,7.91,1.46
NCCCC[C@H](NC(=O)[C@@H]1CCCN1C(=O)CN)C(=O)N2CCC[C@H]2C(=O)NCC(O)=O,0,9.37,8.12,1.25
NCCCC[C@H](NC(=O)[C@@H]1CCCN1C(=O)CN)C(=O)N2CCC[C@H]2C(=O)NCC(O)=O,17,9.68,10.24,0.56
NCCCC[C@H](N)C(=O)NO,0,9.37,7.01,2.36
NCCCC[C@H](N)C(=O)NO,10,9.64,10.66,1.02
CC(C)CC(NC(=O)C(Cc1ccccc1)NC(=O)CNC(=O)CNC(=O)C(N)Cc2ccc(O)cc2)C(O)=O,28,7.02,7.77,0.75
NCCCCNCCCN,0,9.37,8.4,0.97
NCCCCNCCCN,5,9.77,10.85,1.08
NCCCCNCCCN,9,9.24,9.83,0.59
NCC(=O)NCC(=O)N[C@@H](Cc1ccc(O)cc1)C(O)=O,0,8.72,7.91,0.81
NCC(=O)NCC(=O)N[C@@H](Cc1ccc(O)cc1)C(O)=O,15,9.19,9.75,0.56
NCC(=O)NCC(=O)N[C@@H](Cc1ccc(O)cc1)C(O)=O,19,3.71,3.19,0.52
NCCCC(C(O)=O)C(O)=O,0,9.37,10.45,1.08
NCCCC(C(O)=O)C(O)=O,6,3.4,2.52,0.88
NCCCC(C(O)=O)C(O)=O,9,4.06,4.86,0.8
Cc1ncc(CO)c(CN)c1O,2,5.61,3.38,2.23
Cc1ncc(CO)c(CN)c1O,9,9.15,10.6,1.45
Cc1ncc(CO)c(CN)c1O,11,8.96,8.05,0.91
Cc1cccc(CN(CC(O)=O)CC(O)=O)n1,7,8.96,8.31,0.65
Cc1cccc(CN(CC(O)=O)CC(O)=O)n1,10,3.35,2.61,0.74
Cc1cccc(CN(CC(O)=O)CC(O)=O)n1,16,5.43,3.45,1.98
Oc1ccccc1CC2C(=O)NCCNCCCNCCNC2=O,0,7.29,5.72,1.57
OC(=O)c1ccccc1N=Nc2cc(c3cccnc3c2O)[S](O)(=O)=O,18,4.82,3.34,1.48
OC(=O)[C@H](Cc1c[nH]cn1)NC(=O)CNC(=O)CS,9,7.66,8.65,0.99
OC(=O)[C@H](Cc1c[nH]cn1)NC(=O)CNC(=O)CS,18,8.02,7.1,0.92
OC(=O)Cc1cccc(CC(O)=O)n1,0,3.18,2.35,0.83
OC(=O)Cc1cccc(CC(O)=O)n1,11,4.25,6.02,1.77
OC(=O)Cc1cccc(CC(O)=O)n1,13,5.15,3.1,2.05
OC(=O)c1ccc(C(O)=O)c(c1)C(O)=O,0,3.18,2.41,0.77
OC(=O)c1ccc(C(O)=O)c(c1)C(O)=O,13,3.95,5.04,1.09
OC(=O)CSCCN(CC(O)=O)CC(O)=O,0,3.18,2.0,1.18
OC(=O)[C@H](Cc1c[nH]cn1)NC(=O)CS,9,7.66,8.7,1.04
OC(=O)[C@H](Cc1c[nH]cn1)NC(=O)CS,14,8.21,7.14,1.07
CC[C@H](C)[C@H](NC(=O)[C@H](Cc1ccc(O)cc1)NC(C)=O)C(=O)N[C@@H](Cc2c[nH]cn2)C(O)=O,14,8.58,9.78,1.2
CC[C@H](C)[C@H](NC(=O)[C@H](Cc1ccc(O)cc1)NC(C)=O)C(=O)N[C@@H](Cc2c[nH]cn2)C(O)=O,30,4.26,7.02,2.76
C[C@H](NC(=O)[C@H](C)NC(=O)[C@H](C)NC(=O)[C@@H](N)CC(O)=O)C(O)=O,22,3.03,3.6,0.57
OC(=O)c1cc(cc(c1)C(O)=O)C(O)=O,10,3.21,3.79,0.58
OC(=O)c1cc(cc(c1)C(O)=O)C(O)=O,13,3.92,4.63,0.71
OC([P](O)(O)=O)[P](O)(O)=O,3,4.99,2.67,2.32
OC([P](O)(O)=O)[P](O)(O)=O,4,4.99,6.92,1.93
OC([P](O)(O)=O)[P](O)(O)=O,7,6.54,10.41,3.87
OC(=O)c1ccncc1C(O)=O,0,3.18,0.6,2.58
OC(=O)c1ccncc1C(O)=O,6,3.38,4.9,1.52
OC(=O)c1ccncc1C(O)=O,10,3.9,2.7,1.2
OC(=O)c1cncc(c1)C(O)=O,0,3.18,1.1,2.08
OC(=O)c1cncc(c1)C(O)=O,5,5.07,4.3,0.77
OC(=O)c1cncc(c1)C(O)=O,10,4.1,2.1,2.0
CC(O)([P](O)(O)=O)[P](O)(O)=O,4,4.07,1.6,2.47
CC(O)([P](O)(O)=O)[P](O)(O)=O,5,4.07,2.55,1.52
CC(O)([P](O)(O)=O)[P](O)(O)=O,8,6.12,6.83,0.71
CC(O)([P](O)(O)=O)[P](O)(O)=O,9,6.12,10.47,4.35
N[C@@H](CCC(=O)N[C@@H](CS)C(=O)NCC(O)=O)C(O)=O,0,8.4,9.51,1.11
N[C@@H](CCC(=O)N[C@@H](CS)C(=O)NCC(O)=O)C(O)=O,15,3.38,2.22,1.16
N[C@@H](Cc1ccc(O)cc1)C(=O)N[C@@H](Cc2ccc(O)cc2)C(O)=O,0,8.04,7.33,0.71
N[C@@H](Cc1ccc(O)cc1)C(=O)N[C@@H](Cc2ccc(O)cc2)C(O)=O,19,8.21,10.47,2.26
N[C@@H](Cc1ccc(O)cc1)C(=O)N[C@H](CCC(O)=O)C(O)=O,7,9.23,10.17,0.94
N[C@@H](Cc1ccc(O)cc1)C(=O)N[C@H](CCC(O)=O)C(O)=O,20,3.18,4.65,1.47
N[C@@H](Cc1ccc(O)cc1)C(=O)N2CCC[C@H]2C(=O)NCC(=O)N[C@@H](Cc3ccc(O)cc3)C(O)=O,7,9.23,9.75,0.52
N[C@@H](Cc1ccc(O)cc1)C(=O)N2CCC[C@H]2C(=O)NCC(=O)N[C@@H](Cc3ccc(O)cc3)C(O)=O,30,8.8,10.12,1.32
N[C@@H](Cc1ccc(O)cc1)C(=O)N2CCC[C@H]2C(=O)NCC(=O)N[C@@H](Cc3ccc(O)cc3)C(O)=O,34,3.97,2.74,1.23
N[C@@H](Cc1ccc(O)cc1)C(=O)N[C@@H](CCC(O)=O)C(O)=O,7,9.23,10.09,0.86
N[C@@H](Cc1ccc(O)cc1)C(=O)N[C@@H](CCC(O)=O)C(O)=O,20,3.18,4.48,1.3
C[C@H](N)C(=O)N[C@@H](CC(O)=O)C(=O)N[C@@H](CC(O)=O)C(=O)N[C@@H](C)C(O)=O,25,3.47,4.35,0.88
N[C@@H](CO[P](O)(O)=O)C(O)=O,0,8.33,9.69,1.36
N[C@@H](CO[P](O)(O)=O)C(O)=O,9,3.1,2.09,1.01
OCCN(CCN(CC(O)=O)CC(O)=O)CC(O)=O,9,3.65,1.6,2.05
OCCN(CCN(CC(O)=O)CC(O)=O)CC(O)=O,13,3.38,2.55,0.83
OCCN(CC(O)=O)c1cc(C(O)=O)c(cc1C(O)=O)N(CCO)CC(O)=O,6,3.58,2.0,1.58
OCCN(CC(O)=O)c1cc(C(O)=O)c(cc1C(O)=O)N(CCO)CC(O)=O,12,3.37,2.68,0.69
OCCN(CC(O)=O)c1cc(C(O)=O)c(cc1C(O)=O)N(CCO)CC(O)=O,18,4.57,5.25,0.68
CC(C)[C@H](NC(=O)[C@H](CC(O)=O)NC(=O)[C@H](CCCCN)NC(=O)[C@@H](N)CCCNC(N)=N)C(O)=O,20,8.31,7.34,0.97
CC(C)[C@H](NC(=O)[C@H](CC(O)=O)NC(=O)[C@H](CCCCN)NC(=O)[C@@H](N)CCCNC(N)=N)C(O)=O,25,9.3,10.48,1.18
OC(=O)CNc1cc(C(O)=O)c(NCC(O)=O)cc1C(O)=O,0,3.18,2.32,0.86
OC(=O)CNc1cc(C(O)=O)c(NCC(O)=O)cc1C(O)=O,15,3.56,4.26,0.7
OC(=O)CNc1cc(C(O)=O)c(NCC(O)=O)cc1C(O)=O,20,4.39,6.94,2.55
OC(=O)CN(CC(O)=O)c1cccc(c1)N(CC(O)=O)CC(O)=O,0,3.18,2.0,1.18
OC(=O)CN(CC(O)=O)c1cccc(c1)N(CC(O)=O)CC(O)=O,7,3.97,2.84,1.13
OC(=O)CC(Nc1ccc(NC(CC(O)=O)C(O)=O)cc1)C(O)=O,14,4.19,3.58,0.61
OC(=O)CC(Nc1ccc(NC(CC(O)=O)C(O)=O)cc1)C(O)=O,17,3.54,4.62,1.08
OC(=O)CC(Nc1ccc(NC(CC(O)=O)C(O)=O)cc1)C(O)=O,22,4.24,6.63,2.39
OC(=O)CC(NCCNC(CC(O)=O)C(O)=O)C(O)=O,5,9.52,10.07,0.55
OC(=O)CC(NCCNC(CC(O)=O)C(O)=O)C(O)=O,15,3.97,6.93,2.96
N[C@@H](Cc1ccc(O)c(N)c1)C(O)=O,0,7.88,10.19,2.31
N[C@@H](Cc1ccc(O)c(N)c1)C(O)=O,12,3.2,2.0,1.2
OC(CNC(C(O)=O)C(O)=O)CNC(C(O)=O)C(O)=O,6,3.17,2.41,0.76
OC(CNC(C(O)=O)C(O)=O)CNC(C(O)=O)C(O)=O,12,9.59,10.4,0.81
CC(CN(CC(O)=O)CC(O)=O)N(CC(O)=O)CC(O)=O,3,9.3,11.01,1.71
CC(CN(CC(O)=O)CC(O)=O)N(CC(O)=O)CC(O)=O,6,3.39,1.8,1.59
CC(CN(CC(O)=O)CC(O)=O)N(CC(O)=O)CC(O)=O,10,5.51,2.79,2.72
CC(CN(CC(O)=O)CC(O)=O)N(CC(O)=O)CC(O)=O,15,3.48,6.28,2.8
C[C@H](NC(=O)[C@H](C)NC(=O)[C@@H](N)CC(O)=O)C(=O)N[C@@H](CC(O)=O)C(O)=O,25,3.44,4.64,1.2
CNCCCNCCCNCCCNC,1,9.55,7.43,2.12
CNCCCNCCCNCCCNC,5,9.89,8.89,1.0
C[C@H](N)C(=O)N[C@@H](CC(O)=O)C(=O)N[C@@H](C)C(=O)N[C@@H](CC(O)=O)C(O)=O,25,3.62,4.63,1.01
C[C@H](N)C(=O)N[C@@H](C)C(=O)N[C@@H](CC(O)=O)C(=O)N[C@@H](CC(O)=O)C(O)=O,25,3.96,4.67,0.71
NCCCCNCCCNCCCN,0,9.37,7.47,1.9
NCCCCNCCCNCCCN,5,9.77,10.38,0.61
NCCCCNCCCNCCCN,9,9.93,11.03,1.1
C(CN(Cc1ccccn1)Cc2ccccn2)N(Cc3ccccn3)Cc4ccccn4,2,9.06,7.12,1.94
C(CN(Cc1ccccn1)Cc2ccccn2)N(Cc3ccccn3)Cc4ccccn4,9,5.32,2.88,2.44
C(CN(Cc1ccccn1)Cc2ccccn2)N(Cc3ccccn3)Cc4ccccn4,16,5.62,3.3,2.32
Cc1ccc(cc1N(CC(O)=O)CC(O)=O)N(CC(O)=O)CC(O)=O,10,3.36,2.16,1.2
Cc1ccc(cc1N(CC(O)=O)CC(O)=O)N(CC(O)=O)CC(O)=O,14,3.94,3.0,0.94
Cc1ccc(cc1N(CC(O)=O)CC(O)=O)N(CC(O)=O)CC(O)=O,23,3.64,6.58,2.94
Cc1cc(ccc1N(CC(O)=O)CC(O)=O)N(CC(O)=O)CC(O)=O,10,3.3,2.27,1.03
Cc1cc(ccc1N(CC(O)=O)CC(O)=O)N(CC(O)=O)CC(O)=O,14,3.95,3.07,0.88
Cc1ccc(N(CC(O)=O)CC(O)=O)c(c1)N(CC(O)=O)CC(O)=O,19,3.54,4.76,1.22
Cc1ccc(N(CC(O)=O)CC(O)=O)c(c1)N(CC(O)=O)CC(O)=O,23,4.41,6.95,2.54
OC(=O)CN(CC(O)=O)c1ccc(cc1)N(CC(O)=O)CC(O)=O,0,3.18,1.95,1.23
O[P](O)(=O)C[P](O)(O)=O,0,3.92,1.5,2.42
O[P](O)(=O)C[P](O)(O)=O,2,3.92,2.61,1.31
O[P](O)(=O)C[P](O)(O)=O,6,4.52,6.91,2.39
O[P](O)(=O)C[P](O)(O)=O,7,4.52,10.28,5.76
NCCCC[C@H](NC(=O)[C@@H]1CCCN1C(=O)CNC(=O)CNC(=O)[C@H](CCCCN)NC(=O)[C@@H]2CCCN2C(=O)CNC(=O)CN)C(O)=O,0,9.37,7.98,1.39
NCCCC[C@H](NC(=O)[C@@H]1CCCN1C(=O)CNC(=O)CNC(=O)[C@H](CCCCN)NC(=O)[C@@H]2CCCN2C(=O)CNC(=O)CN)C(O)=O,29,8.85,10.12,1.27
NCCCC[C@H](NC(=O)[C@@H]1CCCN1C(=O)CNC(=O)CNC(=O)[C@H](CCCCN)NC(=O)[C@@H]2CCCN2C(=O)CNC(=O)CN)C(O)=O,45,9.22,10.48,1.26
NCCCNCCCCNCCCN,0,9.37,7.91,1.46
NCCCNCCCCNCCCN,9,9.9,10.82,0.92
NCCCNCCCCNCCCN,13,9.42,8.85,0.57
NCCCC[C@H](NC(=O)[C@@H](N)CCCNC(N)=N)C(=O)N[C@H](CC(O)=O)C(O)=O,0,9.37,7.42,1.95
NCCCC[C@H](NC(=O)[C@@H](N)CCCNC(N)=N)C(=O)N[C@H](CC(O)=O)C(O)=O,10,9.57,10.55,0.98
NCCCC[C@H](NC(=O)[C@@H](N)Cc1ccc(O)cc1)C(O)=O,0,9.37,7.33,2.04
NCCCC[C@H](NC(=O)[C@@H](N)Cc1ccc(O)cc1)C(O)=O,10,9.66,11.01,1.35
NCCCC[C@H](NC(=O)[C@@H](N)CCCNC(N)=N)C(=O)N[C@@H](CC(O)=O)C(O)=O,0,9.37,7.44,1.93
NCCCC[C@H](NC(=O)[C@@H](N)CCCNC(N)=N)C(=O)N[C@@H](CC(O)=O)C(O)=O,10,9.57,10.49,0.92
NCCCC[C@H](NC(=O)[C@@H](N)CCCNC(N)=N)C(=O)N[C@@H](CC(O)=O)C(O)=O,27,3.64,4.2,0.56
NCCCC[C@H](N)C(=O)N[C@H](CCCCN)C(O)=O,0,9.37,7.42,1.95
NCCCC[C@H](N)C(=O)N[C@H](CCCCN)C(O)=O,6,9.07,9.81,0.74
NCCCC[C@H](N)C(=O)N[C@H](CCCCN)C(O)=O,15,9.32,10.78,1.46
NCCCC[C@H](NC(=O)[C@H](N)CCCNC(N)=N)C(=O)N[C@@H](CC(O)=O)C(O)=O,0,9.37,7.5,1.87
NCCCC[C@H](NC(=O)[C@H](N)CCCNC(N)=N)C(=O)N[C@@H](CC(O)=O)C(O)=O,10,9.31,10.29,0.98
NCCCC[C@H](N)C(=O)N[C@@H](CCCCN)C(O)=O,0,9.37,7.42,1.95
NCCCC[C@H](N)C(=O)N[C@@H](CCCCN)C(O)=O,6,9.07,9.94,0.87
NCCCC[C@H](N)C(=O)N[C@@H](CCCCN)C(O)=O,15,9.32,10.9,1.58
NCCCC[C@@H](NC(=O)[C@@H](N)CCCNC(N)=N)C(=O)N[C@@H](CC(O)=O)C(O)=O,0,9.37,7.39,1.98
NCCCC[C@@H](NC(=O)[C@@H](N)CCCNC(N)=N)C(=O)N[C@@H](CC(O)=O)C(O)=O,10,8.91,10.45,1.54
NCCCC[C@H](N)C(=O)N[C@@H](Cc1ccc(O)cc1)C(O)=O,0,9.37,7.47,1.9
NCCCC[C@H](N)C(=O)N[C@@H](Cc1ccc(O)cc1)C(O)=O,6,9.07,11.06,1.99
NCCCC[C@H](N)C(=O)N[C@@H](Cc1ccc(O)cc1)C(O)=O,16,8.97,9.79,0.82
OC(=O)c1cc(C(O)=O)c(C(O)=O)c(C(O)=O)c1C(O)=O,0,3.18,1.63,1.55
OC(=O)c1cc(C(O)=O)c(C(O)=O)c(C(O)=O)c1C(O)=O,7,3.19,2.58,0.61
OC(=O)c1cc(C(O)=O)c(C(O)=O)c(C(O)=O)c1C(O)=O,15,4.24,4.97,0.73
OC(=O)c1cc(C(O)=O)c(C(O)=O)c(C(O)=O)c1C(O)=O,19,3.21,6.22,3.01
OC(=O)CNc1cc(C(O)=O)c(cc1C(O)=O)N(CC(O)=O)CC(O)=O,0,3.18,1.8,1.38
OC(=O)CNc1cc(C(O)=O)c(cc1C(O)=O)N(CC(O)=O)CC(O)=O,9,3.26,2.67,0.59
OC(=O)[C@H](CS)NCCN[C@@H](CS)C(O)=O,0,3.18,1.7,1.48
OC(=O)[C@H](CS)NCCN[C@@H](CS)C(O)=O,5,8.74,7.91,0.83
OC(=O)[C@H](CS)NCCN[C@@H](CS)C(O)=O,6,8.8,11.14,2.34
OC(=O)[C@H](CS)NCCN[C@@H](CS)C(O)=O,12,8.98,9.88,0.9
OC(=O)[C@H](CS)NCCN[C@@H](CS)C(O)=O,14,3.16,5.4,2.24
CC(C)[C@H](NC(=O)[C@H](CC(O)=O)NC(=O)[C@H](CCCCN)NC(=O)[C@@H](N)CCCNC(N)=N)C(=O)N[C@@H](Cc1ccc(O)cc1)C(O)=O,10,3.42,1.9,1.52
CC(C)[C@H](NC(=O)[C@H](CC(O)=O)NC(=O)[C@H](CCCCN)NC(=O)[C@@H](N)CCCNC(N)=N)C(=O)N[C@@H](Cc1ccc(O)cc1)C(O)=O,20,8.31,7.2,1.11
CC(C)[C@H](NC(=O)[C@H](CC(O)=O)NC(=O)[C@H](CCCCN)NC(=O)[C@@H](N)CCCNC(N)=N)C(=O)N[C@@H](Cc1ccc(O)cc1)C(O)=O,25,9.3,10.38,1.08
CC(C)[C@H](NC(=O)[C@H](CC(O)=O)NC(=O)[C@H](CCCCN)NC(=O)[C@@H](N)CCCNC(N)=N)C(=O)N[C@@H](Cc1ccc(O)cc1)C(O)=O,42,8.35,9.75,1.4
NCCCC[C@H](N)C(=O)N[C@@H](CCCCN)C(=O)N[C@@H](CCCCN)C(O)=O,0,9.37,7.23,2.14
NCCCC[C@H](N)C(=O)N[C@@H](CCCCN)C(=O)N[C@@H](CCCCN)C(O)=O,6,9.07,9.69,0.62
NCCCC[C@H](N)C(=O)N[C@@H](CCCCN)C(=O)N[C@@H](CCCCN)C(O)=O,15,9.32,10.43,1.11
NCCCC[C@H](N)C(=O)N[C@H](CCCCN)C(=O)N[C@@H](CCCCN)C(O)=O,0,9.37,7.18,2.19
NCCCC[C@H](N)C(=O)N[C@H](CCCCN)C(=O)N[C@@H](CCCCN)C(O)=O,6,9.07,9.68,0.61
NCCCC[C@H](N)C(=O)N[C@H](CCCCN)C(=O)N[C@@H](CCCCN)C(O)=O,15,9.32,10.43,1.11
NCCCC[C@H](N)C(=O)N[C@H](CCCCN)C(=O)N[C@H](CCCCN)C(O)=O,0,9.37,7.03,2.34
NCCCC[C@H](N)C(=O)N[C@H](CCCCN)C(=O)N[C@H](CCCCN)C(O)=O,15,9.32,10.27,0.95
N[C@@H](CC(O)=O)C(=O)N[C@@H](CC(O)=O)C(=O)N[C@@H](CC(O)=O)C(O)=O,4,3.04,1.8,1.24
N[C@@H](CC(O)=O)C(=O)N[C@@H](CC(O)=O)C(=O)N[C@@H](CC(O)=O)C(O)=O,12,3.22,2.04,1.18
N[C@@H](CC(O)=O)C(=O)N[C@@H](CC(O)=O)C(=O)N[C@@H](CC(O)=O)C(O)=O,20,3.34,3.87,0.53
N[C@@H](CC(O)=O)C(=O)N[C@@H](CC(O)=O)C(=O)N[C@@H](CC(O)=O)C(O)=O,23,3.07,4.78,1.71
Cc1ccc(O)c(CN2CCN(CCN(CC2)Cc3nc(C)ccc3O)Cc4nc(C)ccc4O)n1,5,8.91,9.73,0.82
Cc1ccc(O)c(CN2CCN(CCN(CC2)Cc3nc(C)ccc3O)Cc4nc(C)ccc4O)n1,11,9.97,12.1,2.13
Cc1ccc(O)c(CN2CCN(CCN(CC2)Cc3nc(C)ccc3O)Cc4nc(C)ccc4O)n1,28,6.48,7.0,0.52
N[C@@H](CCC(=O)N[C@@H](CSSC[C@H](NC(=O)CC[C@H](N)C(O)=O)C(=O)NCC(O)=O)C(=O)NCC(O)=O)C(O)=O,21,2.98,1.65,1.33
N[C@@H](CCC(=O)N[C@@H](CSSC[C@H](NC(=O)CC[C@H](N)C(O)=O)C(=O)NCC(O)=O)C(=O)NCC(O)=O)C(O)=O,28,3.54,2.5,1.04
N[C@@H](CCC(=O)N[C@@H](CSSC[C@H](NC(=O)CC[C@H](N)C(O)=O)C(=O)NCC(O)=O)C(=O)NCC(O)=O)C(O)=O,38,3.18,3.91,0.73
CC(C)CC(NC(=O)[C@H](Cc1ccccc1)NC(=O)[C@H](CC(O)=O)NC(=O)CNC(=O)[C@H](CCC(O)=O)NC(=O)CNC(=O)[C@H](CO)NC(=O)[C@H](CC(O)=O)NC(=O)[C@H](C)N)C(=O)N[C@@H](C)C(=O)N[C@@H](CCC(O)=O)C(=O)NCC(=O)NCC(=O)NCC(=O)N[C@@H](C(C)C)C(=O)N[C@@H](CCCNC(N)=N)C(O)=O,22,4.24,2.6,1.64
CC(C)CC(NC(=O)[C@H](Cc1ccccc1)NC(=O)[C@H](CC(O)=O)NC(=O)CNC(=O)[C@H](CCC(O)=O)NC(=O)CNC(=O)[C@H](CO)NC(=O)[C@H](CC(O)=O)NC(=O)[C@H](C)N)C(=O)N[C@@H](C)C(=O)N[C@@H](CCC(O)=O)C(=O)NCC(=O)NCC(=O)NCC(=O)N[C@@H](C(C)C)C(=O)N[C@@H](CCCNC(N)=N)C(O)=O,60,7.77,8.4,0.63
CC(C)CC(NC(=O)[C@H](Cc1ccccc1)NC(=O)[C@H](CC(O)=O)NC(=O)CNC(=O)[C@H](CCC(O)=O)NC(=O)CNC(=O)[C@H](CO)NC(=O)[C@H](CC(O)=O)NC(=O)[C@H](C)N)C(=O)N[C@@H](C)C(=O)N[C@@H](CCC(O)=O)C(=O)NCC(=O)NCC(=O)NCC(=O)N[C@@H](C(C)C)C(=O)N[C@@H](CCCNC(N)=N)C(O)=O,73,3.33,4.31,0.98
CC(C)CC(NC(=O)[C@H](Cc1ccccc1)NC(=O)[C@H](CC(O)=O)NC(=O)CNC(=O)[C@H](CCC(O)=O)NC(=O)CNC(=O)[C@H](CO)NC(=O)[C@H](CC(O)=O)NC(=O)[C@H](C)N)C(=O)N[C@@H](C)C(=O)N[C@@H](CCC(O)=O)C(=O)NCC(=O)NCC(=O)NCC(=O)N[C@@H](C(C)C)C(=O)N[C@@H](CCCNC(N)=N)C(O)=O,106,3.19,5.03,1.84
C1CCCNCCCNCCCNCCCCCCCNCCCNCCCNCCC1,4,9.32,7.3,2.02
C1CCCNCCCNCCCNCCCCCCCNCCCNCCCNCCC1,8,9.33,7.9,1.43
C1CCCNCCCNCCCNCCCCCCCNCCCNCCCNCCC1,12,10.36,9.6,0.76
C1CCCNCCCNCCCNCCCCCCCNCCCNCCCNCCC1,24,9.33,10.7,1.37
OC(=O)c1c(C(O)=O)c(C(O)=O)c(C(O)=O)c(C(O)=O)c1C(O)=O,0,3.18,0.87,2.31
OC(=O)c1c(C(O)=O)c(C(O)=O)c(C(O)=O)c(C(O)=O)c1C(O)=O,6,3.76,1.99,1.77
OC(=O)c1c(C(O)=O)c(C(O)=O)c(C(O)=O)c(C(O)=O)c1C(O)=O,10,5.11,2.95,2.16
OC(=O)c1c(C(O)=O)c(C(O)=O)c(C(O)=O)c(C(O)=O)c1C(O)=O,14,3.35,4.54,1.19
OC(=O)c1c(C(O)=O)c(C(O)=O)c(C(O)=O)c(C(O)=O)c1C(O)=O,18,3.37,5.39,2.02
OC(=O)c1c(C(O)=O)c(C(O)=O)c(C(O)=O)c(C(O)=O)c1C(O)=O,22,3.45,6.51,3.06
